MatchID,Home_team,Away_team,Score_home,Score_away,Possession_home,Possession_away,Shots_on_target_home,Shots_on_target_away,Shots_home,Shots_away,Touches_home,Touches_away,Passes_home,Passes_away,Tackles_home,Tackles_away,Clearances_home,Clearances_away,Corners_home,Corners_away,Offsides_home,Offsides_away,Yellow_cards_home,Yellow_cards_away,Fouls_conceded_home,Fouls_conceded_away,Red_cards_home,Red_cards_away
9601,Cardiff,Chelsea,1,2,36.8,63.2,3.0,7.0,10.0,28.0,536.0,801.0,317.0,568.0,20.0,21.0,30.0,18.0,3.0,8.0,1.0,2.0,1.0,2.0,7.0,9.0,0.0,0.0
9602,Fulham,Crystal Palace,2,2,66.1,33.9,5.0,6.0,15.0,15.0,717.0,463.0,496.0,249.0,21.0,21.0,33.0,34.0,6.0,4.0,1.0,1.0,3.0,1.0,11.0,15.0,0.0,0.0
9603,Hull,Everton,0,2,43.0,57.0,3.0,4.0,12.0,11.0,627.0,790.0,459.0,623.0,16.0,13.0,26.0,20.0,6.0,4.0,2.0,2.0,0.0,1.0,8.0,8.0,0.0,0.0
9604,Liverpool,Newcastle,2,1,66.2,33.8,5.0,2.0,13.0,8.0,851.0,515.0,673.0,333.0,15.0,19.0,24.0,26.0,6.0,2.0,3.0,2.0,1.0,3.0,8.0,16.0,0.0,2.0
9605,Man City,West Ham,2,0,68.1,31.9,7.0,0.0,28.0,3.0,772.0,431.0,585.0,259.0,17.0,12.0,15.0,34.0,12.0,1.0,2.0,1.0,2.0,2.0,7.0,9.0,0.0,0.0
9606,Norwich,Arsenal,0,2,37.7,62.3,5.0,8.0,11.0,14.0,575.0,859.0,405.0,680.0,13.0,18.0,20.0,23.0,4.0,4.0,3.0,1.0,1.0,0.0,6.0,5.0,0.0,0.0
9607,Southampton,Man Utd,1,1,58.5,41.5,6.0,2.0,15.0,9.0,687.0,569.0,517.0,369.0,14.0,18.0,16.0,35.0,6.0,2.0,0.0,6.0,3.0,2.0,16.0,5.0,0.0,0.0
9608,Sunderland,Swansea,1,3,53.3,46.7,4.0,4.0,20.0,8.0,598.0,548.0,401.0,344.0,16.0,23.0,25.0,32.0,6.0,3.0,0.0,0.0,2.0,3.0,14.0,15.0,0.0,0.0
9609,Spurs,Aston Villa,3,0,54.7,45.3,6.0,1.0,12.0,4.0,739.0,639.0,556.0,461.0,17.0,17.0,18.0,20.0,5.0,1.0,7.0,0.0,1.0,0.0,11.0,11.0,0.0,0.0
9610,West Brom,Stoke,1,2,43.0,57.0,4.0,4.0,18.0,14.0,549.0,698.0,359.0,496.0,17.0,18.0,17.0,30.0,11.0,6.0,1.0,3.0,0.0,0.0,4.0,7.0,0.0,0.0
9599,Man City,Aston Villa,4,0,73.3,26.7,9.0,0.0,18.0,5.0,910.0,427.0,739.0,257.0,10.0,16.0,20.0,36.0,7.0,2.0,3.0,0.0,1.0,2.0,8.0,9.0,0.0,0.0
9600,Sunderland,West Brom,2,0,48.3,51.7,4.0,3.0,10.0,13.0,617.0,647.0,435.0,467.0,15.0,11.0,19.0,16.0,5.0,0.0,0.0,1.0,0.0,0.0,14.0,12.0,0.0,0.0
9598,Man Utd,Hull,3,1,55.3,44.7,7.0,2.0,18.0,2.0,799.0,657.0,637.0,511.0,12.0,20.0,22.0,13.0,8.0,0.0,0.0,1.0,1.0,1.0,13.0,9.0,0.0,0.0
9597,Crystal Palace,Liverpool,3,3,34.9,65.1,6.0,8.0,10.0,26.0,517.0,799.0,295.0,608.0,19.0,16.0,21.0,28.0,7.0,7.0,0.0,3.0,2.0,3.0,7.0,12.0,0.0,0.0
9595,Arsenal,West Brom,1,0,60.3,39.7,4.0,1.0,15.0,11.0,800.0,591.0,592.0,386.0,19.0,13.0,39.0,29.0,9.0,10.0,0.0,2.0,2.0,2.0,9.0,6.0,0.0,0.0
9596,Chelsea,Norwich,0,0,71.3,28.7,4.0,3.0,23.0,6.0,878.0,440.0,650.0,259.0,11.0,22.0,27.0,46.0,5.0,2.0,4.0,1.0,1.0,3.0,9.0,17.0,0.0,0.0
9594,West Ham,Spurs,2,0,47.2,52.8,8.0,3.0,20.0,12.0,576.0,632.0,333.0,387.0,19.0,28.0,39.0,40.0,10.0,6.0,3.0,0.0,0.0,4.0,10.0,16.0,0.0,1.0
9588,Aston Villa,Hull,3,1,44.2,55.8,9.0,2.0,15.0,8.0,554.0,673.0,358.0,449.0,12.0,12.0,29.0,45.0,8.0,5.0,0.0,3.0,0.0,0.0,14.0,9.0,0.0,0.0
9590,Man Utd,Sunderland,0,1,63.0,37.0,2.0,1.0,17.0,8.0,769.0,533.0,575.0,339.0,14.0,15.0,21.0,33.0,8.0,0.0,2.0,3.0,2.0,1.0,11.0,12.0,0.0,0.0
9591,Newcastle,Cardiff,3,0,53.8,46.2,6.0,3.0,22.0,16.0,641.0,566.0,409.0,351.0,22.0,16.0,37.0,29.0,10.0,6.0,0.0,2.0,1.0,0.0,9.0,6.0,0.0,0.0
9592,Stoke,Fulham,4,1,63.3,36.7,8.0,2.0,23.0,10.0,816.0,522.0,599.0,336.0,15.0,17.0,22.0,17.0,3.0,5.0,2.0,0.0,0.0,2.0,9.0,13.0,0.0,0.0
9593,Swansea,Southampton,0,1,38.1,61.9,3.0,4.0,12.0,17.0,557.0,776.0,352.0,580.0,17.0,12.0,30.0,19.0,3.0,5.0,2.0,1.0,1.0,1.0,11.0,5.0,0.0,0.0
9589,Everton,Man City,2,3,59.3,40.7,4.0,6.0,9.0,18.0,871.0,642.0,673.0,456.0,16.0,17.0,20.0,22.0,4.0,3.0,3.0,0.0,0.0,3.0,3.0,9.0,0.0,0.0
9587,Arsenal,Newcastle,3,0,61.5,38.5,8.0,3.0,20.0,8.0,828.0,602.0,613.0,387.0,21.0,18.0,25.0,38.0,14.0,0.0,4.0,2.0,3.0,2.0,9.0,8.0,0.0,0.0
9586,Sunderland,Cardiff,4,0,59.6,40.4,7.0,1.0,21.0,6.0,624.0,471.0,448.0,286.0,14.0,17.0,18.0,31.0,11.0,5.0,0.0,0.0,5.0,3.0,10.0,11.0,0.0,1.0
9585,Liverpool,Chelsea,0,2,73.0,27.0,8.0,4.0,26.0,11.0,850.0,471.0,624.0,226.0,23.0,20.0,22.0,54.0,14.0,2.0,1.0,0.0,0.0,4.0,9.0,7.0,0.0,0.0
9584,Crystal Palace,Man City,0,2,46.4,53.6,2.0,6.0,3.0,16.0,624.0,694.0,399.0,468.0,21.0,24.0,41.0,28.0,4.0,8.0,4.0,0.0,3.0,1.0,9.0,10.0,0.0,0.0
9580,Southampton,Everton,2,0,53.1,46.9,4.0,2.0,14.0,9.0,745.0,669.0,515.0,436.0,28.0,20.0,31.0,26.0,4.0,7.0,1.0,5.0,0.0,2.0,13.0,12.0,0.0,0.0
9578,Fulham,Hull,2,2,46.0,54.0,3.0,4.0,10.0,8.0,581.0,650.0,379.0,458.0,17.0,19.0,31.0,36.0,7.0,2.0,0.0,1.0,1.0,3.0,8.0,7.0,0.0,0.0
9581,Stoke,Spurs,0,1,50.5,49.5,3.0,4.0,17.0,16.0,614.0,629.0,407.0,398.0,22.0,25.0,25.0,28.0,4.0,3.0,4.0,2.0,1.0,2.0,11.0,6.0,1.0,0.0
9582,Swansea,Aston Villa,4,1,47.6,52.4,8.0,3.0,11.0,11.0,591.0,610.0,372.0,415.0,8.0,11.0,35.0,25.0,9.0,6.0,5.0,1.0,1.0,3.0,9.0,12.0,0.0,0.0
9583,West Brom,West Ham,1,0,43.3,56.7,6.0,3.0,19.0,9.0,482.0,568.0,273.0,363.0,9.0,10.0,37.0,33.0,7.0,6.0,2.0,0.0,0.0,1.0,14.0,8.0,0.0,0.0
9579,Man Utd,Norwich,4,0,61.3,38.7,11.0,2.0,25.0,9.0,846.0,602.0,637.0,391.0,16.0,17.0,34.0,34.0,5.0,3.0,1.0,0.0,1.0,1.0,13.0,9.0,0.0,0.0
9577,Man City,West Brom,3,1,69.0,31.0,6.0,3.0,19.0,10.0,883.0,496.0,684.0,295.0,21.0,26.0,17.0,19.0,8.0,2.0,3.0,3.0,1.0,1.0,9.0,7.0,0.0,0.0
9576,Norwich,Liverpool,2,3,42.5,57.5,5.0,6.0,13.0,14.0,594.0,798.0,365.0,539.0,23.0,36.0,9.0,52.0,8.0,3.0,0.0,1.0,3.0,2.0,16.0,10.0,0.0,0.0
9575,Hull,Arsenal,0,3,42.4,57.6,4.0,6.0,13.0,12.0,652.0,849.0,434.0,618.0,22.0,19.0,29.0,48.0,7.0,0.0,5.0,2.0,1.0,1.0,10.0,7.0,0.0,0.0
9574,Everton,Man Utd,2,0,38.7,61.3,5.0,2.0,17.0,9.0,590.0,794.0,370.0,598.0,23.0,17.0,39.0,32.0,6.0,5.0,2.0,4.0,2.0,2.0,9.0,8.0,0.0,0.0
9568,Aston Villa,Southampton,0,0,31.6,68.4,1.0,2.0,6.0,3.0,456.0,793.0,263.0,614.0,18.0,17.0,21.0,27.0,5.0,3.0,5.0,3.0,0.0,2.0,11.0,11.0,0.0,0.0
9569,Cardiff,Stoke,1,1,43.3,56.7,4.0,5.0,13.0,15.0,599.0,714.0,388.0,516.0,14.0,19.0,25.0,25.0,12.0,7.0,3.0,0.0,2.0,3.0,6.0,12.0,0.0,0.0
9570,Chelsea,Sunderland,1,2,61.8,38.2,15.0,3.0,31.0,7.0,709.0,507.0,472.0,289.0,17.0,16.0,31.0,46.0,10.0,4.0,1.0,1.0,1.0,2.0,11.0,14.0,0.0,0.0
9572,Spurs,Fulham,3,1,62.2,37.8,5.0,4.0,14.0,11.0,810.0,566.0,583.0,352.0,23.0,25.0,32.0,36.0,4.0,5.0,2.0,4.0,0.0,1.0,8.0,11.0,0.0,0.0
9571,Newcastle,Swansea,1,2,47.2,52.8,4.0,2.0,14.0,10.0,664.0,709.0,440.0,478.0,24.0,17.0,32.0,42.0,2.0,8.0,1.0,5.0,2.0,0.0,6.0,9.0,0.0,0.0
9573,West Ham,Crystal Palace,0,1,65.3,34.7,4.0,3.0,13.0,11.0,676.0,471.0,428.0,220.0,16.0,22.0,35.0,74.0,3.0,11.0,1.0,1.0,1.0,1.0,7.0,16.0,0.0,0.0
9566,Everton,Crystal Palace,2,3,69.1,30.9,5.0,4.0,17.0,7.0,813.0,474.0,576.0,251.0,21.0,33.0,17.0,38.0,13.0,3.0,0.0,3.0,1.0,2.0,6.0,10.0,0.0,0.0
9567,Man City,Sunderland,2,2,56.8,43.2,4.0,3.0,16.0,11.0,762.0,613.0,546.0,404.0,31.0,20.0,25.0,14.0,3.0,6.0,0.0,1.0,1.0,3.0,14.0,10.0,0.0,0.0
9565,Arsenal,West Ham,3,1,61.4,38.6,8.0,2.0,14.0,12.0,806.0,562.0,580.0,355.0,14.0,20.0,31.0,35.0,4.0,3.0,2.0,2.0,2.0,2.0,14.0,12.0,0.0,0.0
9563,Liverpool,Man City,3,2,46.6,53.4,4.0,5.0,10.0,13.0,652.0,680.0,412.0,465.0,20.0,24.0,45.0,18.0,7.0,7.0,5.0,1.0,1.0,3.0,7.0,9.0,1.0,0.0
9564,Swansea,Chelsea,0,1,38.2,61.8,4.0,3.0,7.0,26.0,543.0,786.0,348.0,583.0,19.0,9.0,30.0,22.0,5.0,12.0,1.0,3.0,0.0,2.0,8.0,13.0,1.0,0.0
9557,Crystal Palace,Aston Villa,1,0,42.9,57.1,4.0,4.0,14.0,7.0,583.0,667.0,331.0,457.0,22.0,25.0,31.0,36.0,2.0,4.0,3.0,0.0,0.0,2.0,7.0,12.0,0.0,0.0
9558,Fulham,Norwich,1,0,45.1,54.9,3.0,4.0,14.0,14.0,589.0,677.0,365.0,442.0,27.0,17.0,35.0,24.0,8.0,8.0,0.0,3.0,1.0,3.0,10.0,12.0,0.0,0.0
9559,Southampton,Cardiff,0,1,67.5,32.5,7.0,4.0,19.0,6.0,886.0,518.0,687.0,325.0,13.0,22.0,11.0,40.0,5.0,5.0,0.0,2.0,0.0,0.0,9.0,7.0,0.0,0.0
9560,Stoke,Newcastle,1,0,48.9,51.1,3.0,1.0,10.0,13.0,664.0,698.0,441.0,472.0,17.0,19.0,40.0,25.0,4.0,5.0,2.0,1.0,1.0,1.0,12.0,11.0,0.0,0.0
9561,Sunderland,Everton,0,1,46.6,53.4,6.0,3.0,24.0,20.0,554.0,601.0,336.0,385.0,14.0,14.0,26.0,29.0,6.0,6.0,3.0,0.0,3.0,2.0,17.0,15.0,0.0,0.0
9562,West Brom,Spurs,3,3,32.4,67.6,5.0,8.0,6.0,20.0,450.0,714.0,232.0,509.0,21.0,18.0,37.0,25.0,2.0,2.0,3.0,3.0,4.0,2.0,11.0,8.0,0.0,0.0
9556,Spurs,Sunderland,5,1,60.9,39.1,11.0,4.0,29.0,8.0,701.0,523.0,500.0,319.0,18.0,17.0,12.0,25.0,8.0,2.0,2.0,4.0,0.0,2.0,12.0,8.0,0.0,0.0
9554,Everton,Arsenal,3,0,42.8,57.2,7.0,5.0,14.0,15.0,640.0,792.0,431.0,578.0,15.0,16.0,23.0,33.0,3.0,6.0,2.0,3.0,1.0,2.0,6.0,5.0,0.0,0.0
9555,West Ham,Liverpool,1,2,36.2,63.8,1.0,8.0,11.0,17.0,540.0,821.0,322.0,619.0,22.0,16.0,35.0,47.0,4.0,4.0,0.0,0.0,4.0,0.0,10.0,9.0,0.0,0.0
9551,Man City,Southampton,4,1,43.6,56.4,8.0,1.0,15.0,5.0,608.0,740.0,425.0,545.0,19.0,10.0,31.0,29.0,5.0,9.0,1.0,1.0,3.0,0.0,9.0,15.0,0.0,0.0
9547,Aston Villa,Fulham,1,2,50.1,49.9,6.0,8.0,12.0,16.0,612.0,609.0,410.0,410.0,12.0,15.0,35.0,34.0,2.0,7.0,0.0,1.0,3.0,2.0,10.0,13.0,0.0,0.0
9548,Cardiff,Crystal Palace,0,3,63.1,36.9,3.0,8.0,13.0,13.0,722.0,531.0,506.0,303.0,12.0,21.0,24.0,59.0,10.0,3.0,0.0,0.0,2.0,4.0,5.0,13.0,0.0,0.0
9550,Hull,Swansea,1,0,43.1,56.9,4.0,2.0,8.0,12.0,570.0,703.0,341.0,469.0,14.0,21.0,36.0,46.0,7.0,2.0,2.0,0.0,0.0,2.0,6.0,18.0,0.0,0.0
9552,Newcastle,Man Utd,0,4,43.6,56.4,4.0,4.0,14.0,8.0,569.0,722.0,378.0,501.0,18.0,13.0,25.0,36.0,4.0,5.0,0.0,2.0,1.0,0.0,16.0,6.0,0.0,0.0
9553,Norwich,West Brom,0,1,68.8,31.2,4.0,5.0,12.0,8.0,722.0,446.0,528.0,234.0,13.0,26.0,8.0,45.0,7.0,3.0,1.0,2.0,1.0,0.0,10.0,11.0,0.0,0.0
9549,Chelsea,Stoke,3,0,51.2,48.8,8.0,2.0,18.0,4.0,719.0,662.0,491.0,459.0,27.0,31.0,23.0,31.0,7.0,3.0,1.0,1.0,0.0,0.0,8.0,18.0,0.0,0.0
9546,Sunderland,West Ham,1,2,60.6,39.4,7.0,6.0,26.0,11.0,671.0,509.0,443.0,280.0,25.0,13.0,24.0,48.0,8.0,3.0,1.0,1.0,2.0,4.0,11.0,14.0,0.0,0.0
9544,Fulham,Everton,1,3,38.2,61.8,8.0,7.0,23.0,14.0,538.0,758.0,296.0,499.0,35.0,9.0,40.0,28.0,5.0,6.0,8.0,1.0,1.0,2.0,7.0,4.0,0.0,0.0
9545,Liverpool,Spurs,4,0,58.6,41.4,5.0,4.0,11.0,15.0,714.0,544.0,527.0,364.0,24.0,11.0,21.0,23.0,5.0,7.0,2.0,1.0,0.0,2.0,9.0,10.0,0.0,0.0
9539,Man Utd,Aston Villa,4,1,55.9,44.1,6.0,1.0,9.0,10.0,676.0,561.0,476.0,372.0,18.0,24.0,34.0,18.0,0.0,5.0,2.0,2.0,2.0,4.0,10.0,17.0,0.0,0.0
9538,Crystal Palace,Chelsea,1,0,33.0,67.0,4.0,2.0,14.0,21.0,481.0,712.0,221.0,471.0,21.0,18.0,61.0,33.0,2.0,13.0,1.0,3.0,4.0,1.0,10.0,4.0,0.0,0.0
9540,Southampton,Newcastle,4,0,52.5,47.5,11.0,2.0,23.0,5.0,674.0,631.0,487.0,443.0,25.0,14.0,12.0,17.0,7.0,5.0,2.0,0.0,0.0,1.0,5.0,6.0,0.0,0.0
9541,Stoke,Hull,1,0,55.9,44.1,3.0,3.0,15.0,5.0,722.0,626.0,522.0,407.0,24.0,15.0,23.0,40.0,8.0,1.0,3.0,1.0,2.0,0.0,9.0,9.0,0.0,0.0
9542,Swansea,Norwich,3,0,58.7,41.3,7.0,4.0,16.0,8.0,739.0,553.0,539.0,372.0,15.0,19.0,22.0,24.0,7.0,4.0,1.0,2.0,1.0,2.0,15.0,9.0,0.0,0.0
9543,West Brom,Cardiff,3,3,41.7,58.3,6.0,5.0,16.0,11.0,541.0,669.0,314.0,457.0,21.0,16.0,30.0,26.0,4.0,1.0,2.0,2.0,1.0,1.0,12.0,13.0,0.0,0.0
9537,Arsenal,Man City,1,1,47.8,52.2,3.0,4.0,9.0,15.0,723.0,743.0,491.0,547.0,12.0,21.0,38.0,27.0,6.0,6.0,2.0,0.0,1.0,4.0,8.0,11.0,0.0,0.0
9536,West Ham,Hull,2,1,43.6,56.4,3.0,3.0,10.0,9.0,569.0,682.0,367.0,478.0,18.0,20.0,33.0,26.0,4.0,5.0,2.0,3.0,0.0,1.0,11.0,10.0,0.0,1.0
9535,Liverpool,Sunderland,2,1,61.0,39.0,7.0,4.0,21.0,12.0,824.0,536.0,587.0,349.0,17.0,28.0,32.0,17.0,3.0,4.0,2.0,2.0,0.0,2.0,5.0,15.0,0.0,0.0
9532,Arsenal,Swansea,2,2,60.5,39.5,4.0,2.0,13.0,8.0,903.0,665.0,689.0,454.0,16.0,21.0,23.0,61.0,7.0,0.0,0.0,3.0,0.0,1.0,11.0,12.0,0.0,0.0
9533,Man Utd,Man City,0,3,52.7,47.3,4.0,4.0,10.0,13.0,756.0,705.0,545.0,491.0,16.0,15.0,33.0,24.0,5.0,8.0,1.0,3.0,2.0,2.0,12.0,8.0,0.0,0.0
9534,Newcastle,Everton,0,3,54.7,45.3,2.0,6.0,16.0,8.0,709.0,630.0,492.0,403.0,23.0,27.0,23.0,36.0,9.0,8.0,2.0,0.0,0.0,1.0,8.0,10.0,0.0,0.0
9530,Aston Villa,Stoke,1,4,50.4,49.6,3.0,5.0,12.0,10.0,668.0,673.0,464.0,479.0,20.0,14.0,15.0,36.0,5.0,3.0,2.0,4.0,5.0,1.0,16.0,10.0,0.0,0.0
9531,Spurs,Southampton,3,2,51.1,48.9,6.0,4.0,15.0,12.0,666.0,682.0,420.0,414.0,20.0,28.0,33.0,60.0,7.0,3.0,1.0,8.0,1.0,2.0,9.0,9.0,0.0,0.0
9523,Chelsea,Arsenal,6,0,52.9,47.1,11.0,5.0,21.0,11.0,712.0,668.0,517.0,457.0,15.0,19.0,24.0,23.0,7.0,1.0,6.0,2.0,0.0,1.0,14.0,8.0,0.0,1.0
9522,Cardiff,Liverpool,3,6,33.4,66.6,3.0,9.0,9.0,19.0,497.0,849.0,301.0,650.0,21.0,22.0,15.0,28.0,4.0,6.0,0.0,1.0,2.0,3.0,14.0,11.0,0.0,0.0
9524,Everton,Swansea,3,2,40.7,59.3,6.0,7.0,9.0,21.0,622.0,815.0,400.0,594.0,23.0,19.0,39.0,14.0,5.0,12.0,0.0,1.0,0.0,0.0,9.0,6.0,0.0,0.0
9525,Hull,West Brom,2,0,43.2,56.8,5.0,4.0,12.0,16.0,520.0,615.0,300.0,392.0,23.0,14.0,36.0,14.0,4.0,5.0,3.0,1.0,2.0,0.0,17.0,13.0,0.0,0.0
9526,Man City,Fulham,5,0,67.6,32.4,12.0,0.0,22.0,6.0,810.0,462.0,619.0,299.0,17.0,16.0,21.0,24.0,13.0,2.0,0.0,2.0,0.0,4.0,8.0,15.0,0.0,1.0
9527,Newcastle,Crystal Palace,1,0,72.7,27.3,8.0,1.0,21.0,8.0,942.0,482.0,712.0,251.0,17.0,31.0,25.0,32.0,9.0,5.0,1.0,5.0,0.0,1.0,4.0,8.0,0.0,0.0
9528,Norwich,Sunderland,2,0,54.1,45.9,8.0,2.0,15.0,9.0,628.0,561.0,436.0,368.0,12.0,18.0,23.0,24.0,8.0,5.0,0.0,0.0,2.0,4.0,16.0,20.0,0.0,1.0
9529,West Ham,Man Utd,0,2,44.8,55.2,1.0,7.0,10.0,16.0,587.0,705.0,365.0,484.0,16.0,16.0,27.0,53.0,12.0,7.0,0.0,2.0,2.0,1.0,8.0,8.0,0.0,0.0
9520,Man Utd,Liverpool,0,3,48.5,51.5,1.0,7.0,13.0,18.0,638.0,689.0,411.0,448.0,31.0,38.0,25.0,26.0,3.0,4.0,3.0,1.0,1.0,4.0,13.0,12.0,1.0,0.0
9521,Spurs,Arsenal,0,1,59.0,41.0,2.0,3.0,18.0,7.0,674.0,589.0,471.0,330.0,13.0,21.0,14.0,64.0,5.0,2.0,3.0,4.0,5.0,3.0,18.0,11.0,0.0,0.0
9515,Hull,Man City,0,2,54.3,45.7,5.0,3.0,15.0,8.0,749.0,631.0,530.0,456.0,10.0,14.0,33.0,31.0,3.0,4.0,6.0,0.0,2.0,2.0,9.0,14.0,0.0,1.0
9513,Everton,Cardiff,2,1,67.7,32.3,6.0,3.0,19.0,10.0,793.0,482.0,540.0,250.0,24.0,25.0,19.0,34.0,10.0,5.0,1.0,3.0,1.0,3.0,10.0,10.0,0.0,0.0
9514,Fulham,Newcastle,1,0,38.9,61.1,3.0,3.0,12.0,12.0,516.0,694.0,277.0,440.0,23.0,22.0,39.0,30.0,9.0,7.0,6.0,1.0,1.0,0.0,11.0,6.0,0.0,0.0
9516,Southampton,Norwich,4,2,63.1,36.9,6.0,3.0,17.0,6.0,786.0,508.0,567.0,325.0,17.0,25.0,25.0,20.0,6.0,1.0,3.0,1.0,1.0,2.0,11.0,17.0,0.0,0.0
9517,Stoke,West Ham,3,1,54.7,45.3,9.0,2.0,16.0,8.0,606.0,520.0,375.0,305.0,24.0,14.0,42.0,30.0,6.0,4.0,1.0,3.0,1.0,1.0,13.0,13.0,0.0,0.0
9518,Sunderland,Crystal Palace,0,0,64.5,35.5,2.0,5.0,19.0,12.0,624.0,473.0,437.0,244.0,18.0,11.0,12.0,51.0,6.0,2.0,3.0,0.0,4.0,4.0,16.0,14.0,0.0,0.0
9519,Swansea,West Brom,1,2,62.0,38.0,4.0,4.0,14.0,13.0,880.0,600.0,655.0,400.0,17.0,20.0,22.0,30.0,4.0,1.0,4.0,0.0,1.0,3.0,7.0,13.0,0.0,0.0
9512,Aston Villa,Chelsea,1,0,38.6,61.4,4.0,2.0,13.0,15.0,522.0,721.0,300.0,497.0,26.0,8.0,42.0,23.0,4.0,5.0,3.0,7.0,4.0,1.0,14.0,8.0,0.0,2.0
9511,West Brom,Man Utd,0,3,45.0,55.0,3.0,5.0,14.0,14.0,602.0,701.0,366.0,461.0,19.0,26.0,31.0,44.0,3.0,5.0,2.0,1.0,1.0,2.0,11.0,10.0,0.0,0.0
9507,Cardiff,Fulham,3,1,46.4,53.6,9.0,6.0,19.0,14.0,625.0,675.0,391.0,458.0,13.0,23.0,43.0,38.0,7.0,6.0,0.0,2.0,1.0,0.0,9.0,12.0,0.0,0.0
9509,Crystal Palace,Southampton,0,1,35.7,64.3,1.0,3.0,6.0,11.0,510.0,751.0,255.0,496.0,24.0,27.0,35.0,66.0,8.0,3.0,7.0,1.0,1.0,5.0,13.0,18.0,0.0,0.0
9510,Norwich,Stoke,1,1,52.5,47.5,5.0,3.0,13.0,6.0,599.0,563.0,403.0,368.0,14.0,20.0,24.0,42.0,3.0,1.0,0.0,1.0,0.0,2.0,9.0,12.0,0.0,1.0
9508,Chelsea,Spurs,4,0,53.6,46.4,4.0,2.0,12.0,6.0,658.0,597.0,471.0,395.0,25.0,21.0,20.0,21.0,5.0,4.0,6.0,2.0,2.0,3.0,11.0,18.0,0.0,1.0
9504,Aston Villa,Norwich,4,1,55.1,44.9,4.0,4.0,10.0,7.0,700.0,605.0,489.0,399.0,25.0,19.0,21.0,36.0,6.0,2.0,1.0,2.0,0.0,3.0,12.0,10.0,0.0,0.0
9505,Swansea,Crystal Palace,1,1,68.7,31.3,5.0,3.0,7.0,6.0,928.0,528.0,718.0,316.0,25.0,22.0,22.0,23.0,1.0,4.0,3.0,0.0,1.0,4.0,8.0,11.0,1.0,0.0
9506,Spurs,Cardiff,1,0,60.4,39.6,6.0,2.0,15.0,8.0,768.0,546.0,541.0,345.0,19.0,19.0,38.0,32.0,4.0,7.0,2.0,5.0,1.0,3.0,11.0,12.0,0.0,0.0
9499,Everton,West Ham,1,0,68.9,31.1,3.0,1.0,22.0,7.0,706.0,404.0,474.0,193.0,16.0,17.0,31.0,48.0,11.0,5.0,1.0,1.0,1.0,1.0,9.0,8.0,0.0,0.0
9500,Fulham,Chelsea,1,3,41.9,58.1,3.0,8.0,7.0,17.0,537.0,712.0,335.0,489.0,13.0,15.0,28.0,42.0,5.0,4.0,1.0,4.0,2.0,1.0,14.0,13.0,0.0,0.0
9501,Hull,Newcastle,1,4,48.4,51.6,3.0,7.0,13.0,17.0,573.0,636.0,372.0,411.0,21.0,12.0,14.0,54.0,6.0,3.0,1.0,3.0,3.0,2.0,13.0,10.0,0.0,0.0
9503,Stoke,Arsenal,1,0,43.4,56.6,4.0,2.0,8.0,10.0,634.0,791.0,417.0,553.0,19.0,13.0,29.0,49.0,3.0,4.0,5.0,0.0,3.0,1.0,13.0,11.0,0.0,0.0
9502,Southampton,Liverpool,0,3,57.3,42.7,2.0,5.0,13.0,12.0,787.0,630.0,538.0,399.0,33.0,26.0,35.0,33.0,3.0,6.0,2.0,1.0,1.0,2.0,10.0,6.0,0.0,0.0
9496,Liverpool,Swansea,4,3,53.4,46.6,10.0,4.0,21.0,14.0,736.0,666.0,524.0,445.0,25.0,21.0,19.0,20.0,3.0,5.0,2.0,0.0,1.0,0.0,9.0,11.0,0.0,0.0
9497,Newcastle,Aston Villa,1,0,54.7,45.3,5.0,2.0,23.0,10.0,672.0,564.0,414.0,349.0,22.0,20.0,30.0,34.0,10.0,1.0,5.0,3.0,2.0,2.0,12.0,10.0,0.0,0.0
9498,Norwich,Spurs,1,0,40.9,59.1,3.0,2.0,13.0,9.0,577.0,719.0,362.0,526.0,26.0,22.0,37.0,16.0,5.0,3.0,3.0,1.0,1.0,3.0,8.0,15.0,0.0,0.0
9489,Arsenal,Sunderland,4,1,64.8,35.2,9.0,3.0,12.0,7.0,848.0,530.0,691.0,371.0,13.0,15.0,16.0,19.0,7.0,3.0,0.0,4.0,0.0,1.0,10.0,11.0,0.0,0.0
9490,Cardiff,Hull,0,4,56.2,43.8,5.0,6.0,23.0,11.0,688.0,567.0,444.0,368.0,11.0,26.0,19.0,45.0,9.0,2.0,2.0,3.0,1.0,1.0,4.0,11.0,0.0,0.0
9493,Man City,Stoke,1,0,74.1,25.9,7.0,2.0,19.0,7.0,878.0,422.0,697.0,231.0,20.0,16.0,21.0,36.0,8.0,3.0,0.0,3.0,3.0,1.0,16.0,13.0,0.0,0.0
9494,West Brom,Fulham,1,1,63.4,36.6,5.0,3.0,16.0,7.0,722.0,529.0,495.0,287.0,18.0,29.0,16.0,64.0,8.0,2.0,1.0,3.0,3.0,3.0,13.0,15.0,0.0,0.0
9492,Crystal Palace,Man Utd,0,2,33.5,66.5,6.0,5.0,15.0,14.0,518.0,883.0,321.0,666.0,16.0,14.0,20.0,44.0,6.0,4.0,2.0,3.0,0.0,2.0,12.0,10.0,0.0,0.0
9491,Chelsea,Everton,1,0,46.6,53.4,8.0,2.0,25.0,8.0,658.0,702.0,403.0,455.0,23.0,29.0,34.0,40.0,8.0,8.0,2.0,2.0,1.0,2.0,15.0,12.0,0.0,0.0
9495,West Ham,Southampton,3,1,31.5,68.5,5.0,5.0,10.0,26.0,454.0,799.0,234.0,561.0,19.0,12.0,30.0,43.0,5.0,11.0,1.0,1.0,0.0,1.0,10.0,8.0,0.0,0.0
9485,Arsenal,Man Utd,0,0,57.4,42.6,5.0,2.0,17.0,6.0,816.0,637.0,563.0,410.0,23.0,27.0,39.0,40.0,5.0,5.0,1.0,2.0,1.0,2.0,10.0,14.0,0.0,0.0
9487,Newcastle,Spurs,0,4,49.3,50.7,5.0,8.0,13.0,15.0,651.0,680.0,439.0,460.0,19.0,21.0,13.0,38.0,8.0,6.0,3.0,0.0,0.0,0.0,6.0,11.0,0.0,0.0
9488,Stoke,Swansea,1,1,35.7,64.3,4.0,2.0,7.0,14.0,538.0,826.0,307.0,553.0,30.0,25.0,27.0,39.0,2.0,5.0,0.0,1.0,2.0,2.0,11.0,12.0,0.0,0.0
9486,Fulham,Liverpool,2,3,31.1,68.9,3.0,7.0,10.0,21.0,471.0,882.0,276.0,655.0,15.0,20.0,31.0,59.0,7.0,5.0,0.0,0.0,4.0,3.0,7.0,9.0,0.0,0.0
9481,Cardiff,Aston Villa,0,0,45.4,54.6,3.0,6.0,12.0,18.0,591.0,643.0,325.0,393.0,16.0,24.0,49.0,35.0,7.0,9.0,4.0,3.0,0.0,0.0,5.0,9.0,0.0,0.0
9482,Hull,Southampton,0,1,37.5,62.5,4.0,7.0,12.0,16.0,600.0,850.0,359.0,613.0,25.0,27.0,19.0,34.0,2.0,2.0,3.0,3.0,0.0,3.0,6.0,8.0,0.0,0.0
9484,West Ham,Norwich,2,0,48.2,51.8,7.0,6.0,12.0,13.0,566.0,612.0,332.0,365.0,21.0,21.0,61.0,65.0,5.0,5.0,2.0,0.0,1.0,3.0,12.0,16.0,0.0,0.0
9483,West Brom,Chelsea,1,1,40.1,59.9,1.0,4.0,13.0,15.0,538.0,712.0,316.0,489.0,24.0,17.0,25.0,38.0,5.0,8.0,1.0,1.0,3.0,4.0,9.0,13.0,0.0,0.0
9480,Spurs,Everton,1,0,45.8,54.2,2.0,3.0,8.0,10.0,595.0,668.0,354.0,427.0,25.0,37.0,18.0,30.0,9.0,7.0,0.0,4.0,1.0,0.0,9.0,13.0,0.0,0.0
9479,Man Utd,Fulham,2,2,75.4,24.6,9.0,3.0,31.0,6.0,904.0,435.0,650.0,216.0,10.0,17.0,24.0,89.0,10.0,1.0,5.0,0.0,0.0,0.0,3.0,6.0,0.0,0.0
9474,Liverpool,Arsenal,5,1,42.7,57.3,12.0,6.0,22.0,11.0,608.0,755.0,373.0,497.0,35.0,16.0,37.0,38.0,6.0,6.0,4.0,0.0,1.0,2.0,14.0,14.0,0.0,0.0
9471,Aston Villa,West Ham,0,2,67.8,32.2,1.0,2.0,16.0,10.0,721.0,461.0,523.0,231.0,8.0,11.0,22.0,69.0,8.0,10.0,2.0,4.0,0.0,2.0,8.0,8.0,0.0,0.0
9472,Chelsea,Newcastle,3,0,59.0,41.0,8.0,6.0,18.0,12.0,735.0,570.0,511.0,352.0,33.0,20.0,28.0,26.0,6.0,5.0,2.0,0.0,0.0,3.0,7.0,10.0,0.0,0.0
9473,Crystal Palace,West Brom,3,1,34.0,66.0,6.0,7.0,10.0,17.0,494.0,740.0,254.0,497.0,18.0,29.0,36.0,24.0,4.0,7.0,1.0,1.0,0.0,3.0,13.0,13.0,0.0,0.0
9475,Norwich,Man City,0,0,32.4,67.6,2.0,2.0,7.0,15.0,477.0,828.0,286.0,619.0,14.0,15.0,47.0,31.0,4.0,14.0,2.0,1.0,2.0,1.0,7.0,6.0,0.0,0.0
9476,Southampton,Stoke,2,2,60.4,39.6,5.0,4.0,18.0,5.0,744.0,539.0,503.0,316.0,23.0,21.0,39.0,33.0,7.0,4.0,0.0,4.0,0.0,4.0,7.0,14.0,0.0,0.0
9477,Sunderland,Hull,0,2,43.8,56.2,3.0,9.0,7.0,25.0,590.0,713.0,408.0,532.0,10.0,12.0,21.0,17.0,2.0,6.0,1.0,3.0,1.0,3.0,12.0,16.0,1.0,0.0
9478,Swansea,Cardiff,3,0,62.0,38.0,6.0,1.0,17.0,7.0,805.0,557.0,580.0,359.0,28.0,18.0,37.0,20.0,5.0,1.0,1.0,2.0,1.0,1.0,7.0,7.0,0.0,0.0
9470,Man City,Chelsea,0,1,65.3,34.7,3.0,6.0,24.0,18.0,730.0,511.0,480.0,255.0,33.0,15.0,29.0,56.0,12.0,6.0,0.0,4.0,3.0,3.0,11.0,13.0,0.0,0.0
9469,West Brom,Liverpool,1,1,49.7,50.3,4.0,3.0,12.0,12.0,667.0,696.0,429.0,435.0,22.0,20.0,26.0,37.0,3.0,4.0,0.0,2.0,4.0,2.0,13.0,15.0,0.0,0.0
9468,Arsenal,Crystal Palace,2,0,73.0,27.0,6.0,2.0,11.0,10.0,1012.0,485.0,785.0,273.0,22.0,31.0,33.0,19.0,6.0,5.0,0.0,3.0,1.0,2.0,9.0,14.0,0.0,0.0
9465,Newcastle,Sunderland,0,3,51.0,49.0,10.0,5.0,28.0,16.0,541.0,542.0,316.0,316.0,23.0,16.0,18.0,28.0,7.0,3.0,2.0,0.0,2.0,2.0,18.0,13.0,0.0,0.0
9467,West Ham,Swansea,2,0,35.0,65.0,4.0,0.0,11.0,20.0,504.0,748.0,268.0,504.0,25.0,15.0,58.0,38.0,8.0,11.0,0.0,2.0,1.0,0.0,7.0,7.0,1.0,0.0
9461,Cardiff,Norwich,2,1,49.2,50.8,4.0,6.0,13.0,27.0,640.0,641.0,383.0,383.0,23.0,18.0,52.0,39.0,7.0,14.0,2.0,2.0,1.0,4.0,8.0,9.0,0.0,0.0
9462,Everton,Aston Villa,2,1,71.0,29.0,6.0,1.0,13.0,4.0,790.0,403.0,575.0,239.0,14.0,18.0,30.0,31.0,13.0,1.0,9.0,3.0,1.0,0.0,4.0,18.0,0.0,0.0
9463,Fulham,Southampton,0,3,39.1,60.9,4.0,5.0,8.0,17.0,584.0,778.0,351.0,546.0,21.0,20.0,44.0,34.0,4.0,5.0,5.0,2.0,0.0,3.0,10.0,9.0,0.0,0.0
9464,Hull,Spurs,1,1,38.4,61.6,4.0,3.0,9.0,19.0,507.0,704.0,297.0,485.0,16.0,14.0,29.0,33.0,4.0,10.0,4.0,5.0,1.0,1.0,13.0,9.0,0.0,0.0
9466,Stoke,Man Utd,2,1,37.7,62.3,4.0,4.0,13.0,19.0,516.0,698.0,266.0,442.0,18.0,24.0,48.0,42.0,7.0,10.0,3.0,3.0,2.0,2.0,18.0,7.0,0.0,0.0
9457,Aston Villa,West Brom,4,3,43.7,56.3,6.0,4.0,10.0,12.0,549.0,691.0,358.0,476.0,23.0,22.0,14.0,26.0,3.0,3.0,8.0,7.0,1.0,3.0,14.0,9.0,0.0,0.0
9458,Chelsea,West Ham,0,0,72.4,27.6,9.0,1.0,39.0,1.0,781.0,407.0,555.0,191.0,14.0,16.0,22.0,52.0,13.0,3.0,2.0,1.0,1.0,3.0,12.0,11.0,0.0,0.0
9459,Sunderland,Stoke,1,0,48.1,51.9,6.0,5.0,16.0,15.0,621.0,618.0,402.0,429.0,23.0,26.0,32.0,11.0,2.0,3.0,1.0,0.0,2.0,2.0,16.0,15.0,0.0,1.0
9460,Spurs,Man City,1,5,34.2,65.8,2.0,10.0,4.0,24.0,526.0,869.0,329.0,655.0,23.0,34.0,18.0,14.0,3.0,5.0,2.0,2.0,1.0,4.0,11.0,10.0,1.0,0.0
9453,Man Utd,Cardiff,2,0,46.2,53.8,5.0,1.0,17.0,7.0,647.0,710.0,463.0,532.0,23.0,10.0,36.0,21.0,5.0,5.0,4.0,2.0,0.0,1.0,9.0,9.0,0.0,0.0
9454,Norwich,Newcastle,0,0,46.2,53.8,2.0,3.0,9.0,21.0,538.0,621.0,315.0,372.0,15.0,16.0,33.0,26.0,7.0,7.0,2.0,3.0,1.0,2.0,13.0,7.0,1.0,1.0
9455,Southampton,Arsenal,2,2,52.6,47.4,5.0,4.0,13.0,7.0,745.0,725.0,522.0,480.0,29.0,18.0,30.0,35.0,7.0,5.0,2.0,2.0,1.0,1.0,11.0,4.0,0.0,1.0
9456,Swansea,Fulham,2,0,61.9,38.1,6.0,4.0,14.0,15.0,831.0,592.0,630.0,385.0,18.0,12.0,22.0,42.0,5.0,8.0,0.0,2.0,1.0,1.0,13.0,10.0,0.0,0.0
9451,Crystal Palace,Hull,1,0,37.5,62.5,3.0,4.0,13.0,13.0,512.0,715.0,290.0,493.0,18.0,17.0,46.0,43.0,8.0,3.0,1.0,2.0,4.0,0.0,14.0,8.0,0.0,1.0
9452,Liverpool,Everton,4,0,39.1,60.9,9.0,4.0,20.0,19.0,567.0,752.0,339.0,519.0,25.0,22.0,44.0,18.0,5.0,8.0,1.0,0.0,0.0,3.0,11.0,13.0,0.0,0.0
9450,West Brom,Everton,1,1,50.1,49.9,6.0,4.0,14.0,13.0,698.0,678.0,429.0,442.0,23.0,16.0,54.0,39.0,4.0,2.0,2.0,2.0,3.0,2.0,16.0,12.0,0.0,0.0
9449,Swansea,Spurs,1,3,56.2,43.8,3.0,5.0,13.0,11.0,857.0,720.0,648.0,504.0,22.0,30.0,18.0,22.0,8.0,2.0,2.0,2.0,2.0,1.0,6.0,9.0,0.0,0.0
9448,Chelsea,Man Utd,3,1,43.9,56.1,6.0,4.0,13.0,10.0,581.0,663.0,356.0,435.0,22.0,27.0,51.0,32.0,5.0,4.0,2.0,2.0,1.0,3.0,15.0,21.0,0.0,1.0
9446,Sunderland,Southampton,2,2,36.5,63.5,5.0,8.0,10.0,17.0,528.0,797.0,307.0,553.0,23.0,16.0,22.0,48.0,4.0,7.0,5.0,1.0,2.0,0.0,8.0,8.0,0.0,0.0
9441,Arsenal,Fulham,2,0,58.7,41.3,8.0,2.0,22.0,8.0,900.0,662.0,684.0,478.0,18.0,16.0,26.0,28.0,4.0,4.0,1.0,1.0,0.0,0.0,5.0,7.0,0.0,0.0
9442,Crystal Palace,Stoke,1,0,43.7,56.3,6.0,2.0,12.0,17.0,582.0,689.0,344.0,454.0,20.0,23.0,45.0,38.0,4.0,3.0,2.0,2.0,0.0,2.0,9.0,13.0,0.0,0.0
9444,Man City,Cardiff,4,2,62.2,37.8,9.0,6.0,24.0,7.0,788.0,542.0,589.0,340.0,16.0,17.0,24.0,34.0,10.0,7.0,3.0,3.0,2.0,0.0,6.0,5.0,0.0,0.0
9445,Norwich,Hull,1,0,56.2,43.8,4.0,0.0,25.0,10.0,655.0,547.0,421.0,325.0,11.0,22.0,29.0,39.0,10.0,8.0,1.0,1.0,1.0,2.0,8.0,16.0,0.0,1.0
9447,West Ham,Newcastle,1,3,48.3,51.7,3.0,8.0,12.0,19.0,590.0,685.0,362.0,413.0,23.0,20.0,36.0,72.0,4.0,3.0,4.0,3.0,0.0,0.0,9.0,6.0,0.0,0.0
9443,Liverpool,Aston Villa,2,2,55.8,44.2,6.0,3.0,14.0,12.0,693.0,524.0,451.0,335.0,16.0,20.0,54.0,28.0,2.0,3.0,3.0,1.0,1.0,4.0,14.0,18.0,0.0,0.0
9440,Aston Villa,Arsenal,1,2,36.0,64.0,5.0,4.0,11.0,8.0,552.0,898.0,364.0,676.0,22.0,25.0,21.0,54.0,3.0,5.0,4.0,5.0,2.0,2.0,12.0,9.0,0.0,0.0
9438,Newcastle,Man City,0,2,54.4,45.6,5.0,6.0,13.0,14.0,664.0,587.0,439.0,373.0,16.0,23.0,29.0,53.0,5.0,6.0,3.0,4.0,4.0,2.0,18.0,15.0,0.0,0.0
9439,Stoke,Liverpool,3,5,51.0,49.0,4.0,9.0,13.0,13.0,658.0,651.0,412.0,433.0,13.0,23.0,25.0,48.0,11.0,2.0,1.0,0.0,1.0,1.0,10.0,8.0,0.0,0.0
9434,Hull,Chelsea,0,2,44.4,55.6,2.0,5.0,10.0,14.0,586.0,710.0,381.0,483.0,20.0,14.0,32.0,42.0,1.0,7.0,2.0,0.0,2.0,1.0,12.0,7.0,0.0,0.0
9431,Cardiff,West Ham,0,2,63.0,37.0,7.0,3.0,19.0,10.0,705.0,484.0,484.0,278.0,7.0,14.0,41.0,55.0,8.0,7.0,1.0,1.0,1.0,3.0,7.0,16.0,0.0,1.0
9432,Everton,Norwich,2,0,62.4,37.6,5.0,2.0,23.0,11.0,765.0,516.0,522.0,312.0,20.0,14.0,24.0,36.0,10.0,5.0,2.0,2.0,1.0,2.0,7.0,14.0,0.0,0.0
9433,Fulham,Sunderland,1,4,58.9,41.1,5.0,6.0,17.0,10.0,664.0,500.0,463.0,321.0,17.0,18.0,24.0,24.0,10.0,6.0,3.0,0.0,3.0,3.0,15.0,12.0,0.0,0.0
9436,Southampton,West Brom,1,0,61.6,38.4,5.0,2.0,18.0,4.0,792.0,564.0,579.0,348.0,16.0,22.0,36.0,32.0,4.0,4.0,3.0,8.0,1.0,2.0,11.0,17.0,0.0,0.0
9437,Spurs,Crystal Palace,2,0,68.4,31.6,4.0,2.0,10.0,14.0,857.0,497.0,642.0,281.0,18.0,20.0,34.0,33.0,5.0,11.0,1.0,1.0,1.0,2.0,12.0,12.0,0.0,0.0
9435,Man Utd,Swansea,2,0,38.6,61.4,5.0,2.0,16.0,13.0,632.0,867.0,418.0,677.0,9.0,25.0,24.0,22.0,3.0,5.0,1.0,0.0,0.0,2.0,9.0,10.0,0.0,0.0
9429,Swansea,Man City,2,3,52.2,47.8,4.0,4.0,16.0,14.0,711.0,658.0,486.0,453.0,14.0,16.0,36.0,34.0,8.0,6.0,3.0,3.0,2.0,5.0,5.0,10.0,0.0,0.0
9421,Arsenal,Cardiff,2,0,68.1,31.9,6.0,2.0,28.0,8.0,863.0,466.0,624.0,288.0,9.0,13.0,35.0,32.0,12.0,2.0,3.0,3.0,1.0,2.0,6.0,11.0,0.0,0.0
9422,Crystal Palace,Norwich,1,1,45.1,54.9,4.0,5.0,13.0,8.0,527.0,608.0,305.0,403.0,21.0,13.0,24.0,40.0,9.0,4.0,0.0,1.0,3.0,1.0,12.0,10.0,0.0,1.0
9423,Fulham,West Ham,2,1,67.7,32.3,11.0,3.0,30.0,11.0,783.0,448.0,564.0,256.0,15.0,6.0,37.0,32.0,12.0,4.0,4.0,4.0,2.0,2.0,6.0,5.0,0.0,1.0
9424,Liverpool,Hull,2,0,58.2,41.8,6.0,0.0,17.0,10.0,762.0,572.0,553.0,381.0,7.0,18.0,44.0,9.0,3.0,4.0,1.0,2.0,1.0,2.0,15.0,15.0,0.0,0.0
9426,Southampton,Chelsea,0,3,54.4,45.6,2.0,5.0,12.0,11.0,714.0,628.0,479.0,403.0,18.0,35.0,28.0,32.0,6.0,8.0,1.0,7.0,4.0,1.0,13.0,10.0,0.0,0.0
9427,Stoke,Everton,1,1,39.5,60.5,4.0,4.0,10.0,16.0,540.0,754.0,325.0,508.0,22.0,21.0,22.0,18.0,2.0,5.0,1.0,1.0,4.0,1.0,16.0,11.0,0.0,0.0
9428,Sunderland,Aston Villa,0,1,64.8,35.2,1.0,5.0,17.0,13.0,707.0,479.0,523.0,285.0,17.0,19.0,9.0,28.0,10.0,2.0,4.0,1.0,4.0,3.0,8.0,11.0,0.0,0.0
9430,West Brom,Newcastle,1,0,46.2,53.8,4.0,3.0,13.0,9.0,612.0,684.0,415.0,479.0,15.0,19.0,28.0,24.0,3.0,4.0,4.0,2.0,0.0,0.0,7.0,15.0,0.0,1.0
9425,Man Utd,Spurs,1,2,61.1,38.9,6.0,4.0,17.0,9.0,759.0,564.0,509.0,342.0,16.0,23.0,24.0,45.0,13.0,2.0,2.0,2.0,2.0,1.0,7.0,7.0,0.0,0.0
9418,Everton,Southampton,2,1,44.1,55.9,4.0,2.0,9.0,12.0,596.0,654.0,353.0,449.0,26.0,18.0,35.0,14.0,2.0,3.0,3.0,3.0,2.0,4.0,9.0,14.0,0.0,0.0
9419,Newcastle,Arsenal,0,1,47.3,52.7,3.0,5.0,11.0,11.0,682.0,772.0,467.0,531.0,23.0,20.0,27.0,55.0,4.0,1.0,1.0,1.0,0.0,3.0,10.0,8.0,0.0,0.0
9417,Chelsea,Liverpool,2,1,52.1,47.9,5.0,4.0,11.0,8.0,637.0,620.0,423.0,375.0,19.0,30.0,21.0,41.0,4.0,2.0,1.0,1.0,4.0,1.0,17.0,17.0,0.0,0.0
9420,Spurs,Stoke,3,0,67.5,32.5,7.0,1.0,20.0,2.0,839.0,488.0,616.0,292.0,17.0,24.0,16.0,37.0,6.0,1.0,0.0,4.0,2.0,2.0,6.0,14.0,0.0,0.0
9416,West Ham,West Brom,3,3,46.5,53.5,6.0,7.0,16.0,22.0,544.0,617.0,345.0,409.0,17.0,14.0,30.0,36.0,6.0,5.0,4.0,3.0,3.0,2.0,10.0,13.0,0.0,0.0
9411,Aston Villa,Swansea,1,1,27.0,73.0,3.0,3.0,7.0,17.0,444.0,932.0,254.0,730.0,22.0,7.0,32.0,28.0,2.0,8.0,1.0,2.0,3.0,2.0,13.0,9.0,0.0,0.0
9413,Hull,Fulham,6,0,52.7,47.3,13.0,2.0,21.0,5.0,694.0,675.0,495.0,465.0,19.0,17.0,12.0,43.0,6.0,1.0,0.0,0.0,0.0,0.0,11.0,9.0,0.0,0.0
9414,Man City,Crystal Palace,1,0,76.3,23.7,4.0,4.0,23.0,9.0,996.0,442.0,803.0,236.0,18.0,20.0,17.0,34.0,12.0,5.0,0.0,0.0,1.0,1.0,12.0,7.0,0.0,0.0
9415,Norwich,Man Utd,0,1,0.0,0.0,0.0,0.0,0.0,0.0,0.0,0.0,0.0,0.0,0.0,0.0,0.0,0.0,0.0,0.0,0.0,0.0,0.0,0.0,0.0,0.0,0.0,0.0
9412,Cardiff,Sunderland,2,2,44.1,55.9,7.0,9.0,16.0,21.0,563.0,667.0,367.0,465.0,12.0,13.0,30.0,15.0,6.0,6.0,0.0,2.0,3.0,2.0,14.0,10.0,0.0,0.0
9405,Hull,Man Utd,2,3,38.8,61.2,5.0,4.0,17.0,13.0,514.0,759.0,325.0,537.0,23.0,6.0,22.0,54.0,6.0,5.0,0.0,0.0,2.0,2.0,12.0,14.0,0.0,1.0
9401,Aston Villa,Crystal Palace,0,1,64.7,35.3,4.0,7.0,10.0,12.0,697.0,493.0,497.0,263.0,16.0,14.0,20.0,49.0,7.0,5.0,2.0,4.0,2.0,2.0,11.0,8.0,0.0,0.0
9402,Cardiff,Southampton,0,3,39.6,60.4,0.0,6.0,9.0,11.0,527.0,740.0,330.0,530.0,13.0,26.0,23.0,37.0,6.0,3.0,2.0,2.0,1.0,2.0,11.0,13.0,0.0,0.0
9403,Chelsea,Swansea,1,0,45.5,54.5,7.0,1.0,19.0,8.0,633.0,715.0,403.0,485.0,19.0,14.0,24.0,33.0,13.0,7.0,1.0,2.0,1.0,0.0,14.0,9.0,0.0,0.0
9404,Everton,Sunderland,0,1,54.7,45.3,9.0,6.0,25.0,13.0,650.0,570.0,444.0,383.0,11.0,17.0,21.0,26.0,11.0,2.0,2.0,1.0,1.0,0.0,11.0,7.0,1.0,0.0
9407,Newcastle,Stoke,5,1,57.8,42.2,8.0,2.0,27.0,11.0,680.0,531.0,477.0,359.0,16.0,15.0,10.0,29.0,8.0,2.0,0.0,0.0,1.0,1.0,10.0,8.0,0.0,2.0
9408,Norwich,Fulham,1,2,50.2,49.8,4.0,7.0,13.0,15.0,594.0,615.0,393.0,400.0,13.0,13.0,31.0,42.0,5.0,4.0,3.0,2.0,3.0,0.0,13.0,10.0,0.0,0.0
9409,Spurs,West Brom,1,1,64.1,35.9,3.0,4.0,20.0,7.0,751.0,498.0,508.0,286.0,18.0,25.0,21.0,41.0,12.0,2.0,4.0,4.0,3.0,2.0,8.0,12.0,0.0,0.0
9410,West Ham,Arsenal,1,3,33.7,66.3,5.0,8.0,12.0,29.0,484.0,793.0,271.0,556.0,8.0,16.0,36.0,50.0,0.0,10.0,3.0,2.0,1.0,1.0,11.0,6.0,0.0,0.0
9406,Man City,Liverpool,2,1,51.9,48.1,6.0,5.0,20.0,12.0,703.0,696.0,505.0,467.0,22.0,13.0,27.0,40.0,7.0,6.0,1.0,3.0,1.0,3.0,10.0,9.0,0.0,0.0
9400,Arsenal,Chelsea,0,0,61.4,38.6,2.0,4.0,7.0,13.0,760.0,532.0,544.0,340.0,17.0,17.0,42.0,36.0,8.0,6.0,3.0,2.0,2.0,1.0,7.0,11.0,0.0,0.0
9398,Southampton,Spurs,2,3,57.2,42.8,5.0,3.0,12.0,13.0,781.0,621.0,517.0,378.0,30.0,26.0,36.0,27.0,2.0,5.0,3.0,3.0,1.0,1.0,10.0,18.0,0.0,0.0
9399,Swansea,Everton,1,2,54.5,45.5,3.0,6.0,13.0,14.0,699.0,611.0,503.0,408.0,18.0,17.0,29.0,32.0,4.0,8.0,3.0,1.0,1.0,0.0,11.0,10.0,0.0,0.0
9393,Liverpool,Cardiff,3,1,68.9,31.1,7.0,3.0,27.0,10.0,878.0,484.0,638.0,266.0,21.0,28.0,34.0,28.0,9.0,5.0,2.0,1.0,2.0,0.0,11.0,13.0,0.0,0.0
9391,Crystal Palace,Newcastle,0,3,33.1,66.9,4.0,6.0,9.0,13.0,491.0,813.0,283.0,583.0,26.0,26.0,22.0,24.0,3.0,7.0,4.0,4.0,1.0,2.0,11.0,14.0,0.0,0.0
9392,Fulham,Man City,2,4,46.1,53.9,5.0,10.0,12.0,17.0,670.0,735.0,460.0,540.0,18.0,14.0,29.0,32.0,4.0,4.0,4.0,2.0,1.0,1.0,7.0,15.0,0.0,0.0
9394,Man Utd,West Ham,3,1,61.8,38.2,8.0,1.0,21.0,4.0,704.0,463.0,519.0,309.0,11.0,12.0,30.0,21.0,8.0,2.0,3.0,2.0,1.0,4.0,7.0,17.0,0.0,0.0
9395,Stoke,Aston Villa,2,1,53.5,46.5,2.0,4.0,12.0,14.0,517.0,455.0,288.0,256.0,16.0,22.0,32.0,19.0,6.0,7.0,3.0,3.0,1.0,5.0,13.0,17.0,0.0,0.0
9396,Sunderland,Norwich,0,0,58.8,41.2,4.0,5.0,18.0,14.0,685.0,532.0,489.0,325.0,12.0,25.0,14.0,33.0,6.0,7.0,1.0,1.0,2.0,1.0,13.0,10.0,1.0,0.0
9397,West Brom,Hull,1,1,60.4,39.6,3.0,3.0,14.0,6.0,710.0,511.0,499.0,330.0,16.0,17.0,21.0,17.0,9.0,2.0,1.0,2.0,2.0,1.0,8.0,15.0,0.0,0.0
9388,Aston Villa,Man Utd,0,3,44.0,56.0,6.0,5.0,17.0,14.0,588.0,730.0,394.0,511.0,21.0,15.0,17.0,38.0,3.0,4.0,2.0,2.0,4.0,2.0,15.0,8.0,0.0,0.0
9389,Norwich,Swansea,1,1,37.5,62.5,3.0,2.0,16.0,10.0,563.0,826.0,348.0,608.0,19.0,23.0,15.0,44.0,8.0,5.0,1.0,1.0,0.0,3.0,12.0,11.0,0.0,0.0
9390,Spurs,Liverpool,0,5,43.2,56.8,0.0,10.0,9.0,21.0,589.0,714.0,361.0,497.0,21.0,23.0,31.0,34.0,2.0,9.0,0.0,4.0,3.0,0.0,17.0,15.0,1.0,0.0
9385,Man City,Arsenal,6,3,52.4,47.6,7.0,6.0,22.0,12.0,694.0,657.0,479.0,419.0,22.0,22.0,27.0,29.0,8.0,8.0,2.0,4.0,2.0,1.0,12.0,6.0,0.0,0.0
9381,Cardiff,West Brom,1,0,48.2,51.8,3.0,2.0,11.0,12.0,521.0,549.0,307.0,333.0,13.0,24.0,42.0,32.0,8.0,6.0,5.0,9.0,2.0,1.0,16.0,12.0,0.0,0.0
9382,Chelsea,Crystal Palace,2,1,69.7,30.3,7.0,5.0,16.0,10.0,843.0,487.0,606.0,252.0,24.0,33.0,36.0,35.0,3.0,1.0,2.0,2.0,2.0,1.0,13.0,7.0,0.0,0.0
9383,Everton,Fulham,4,1,57.5,42.5,7.0,3.0,22.0,16.0,730.0,594.0,529.0,393.0,16.0,21.0,18.0,25.0,12.0,2.0,0.0,3.0,1.0,2.0,10.0,7.0,0.0,0.0
9386,Newcastle,Southampton,1,1,39.8,60.2,5.0,3.0,16.0,8.0,569.0,714.0,319.0,507.0,21.0,22.0,28.0,35.0,11.0,3.0,7.0,6.0,1.0,2.0,10.0,16.0,0.0,0.0
9387,West Ham,Sunderland,0,0,41.3,58.7,2.0,6.0,11.0,19.0,522.0,636.0,296.0,419.0,22.0,22.0,34.0,15.0,2.0,9.0,0.0,1.0,1.0,0.0,11.0,5.0,0.0,0.0
9384,Hull,Stoke,0,0,46.2,53.8,4.0,2.0,13.0,11.0,655.0,734.0,429.0,507.0,15.0,22.0,32.0,53.0,7.0,5.0,2.0,4.0,1.0,0.0,11.0,13.0,0.0,0.0
9380,Swansea,Hull,1,1,65.7,34.3,2.0,2.0,11.0,9.0,921.0,591.0,713.0,376.0,17.0,26.0,19.0,50.0,12.0,1.0,2.0,2.0,3.0,3.0,8.0,7.0,0.0,0.0
9379,Fulham,Aston Villa,2,0,52.9,47.1,10.0,2.0,22.0,10.0,661.0,618.0,428.0,375.0,20.0,22.0,43.0,53.0,4.0,7.0,2.0,1.0,0.0,2.0,12.0,13.0,0.0,0.0
9378,Arsenal,Everton,1,1,44.1,55.9,5.0,4.0,11.0,12.0,621.0,731.0,403.0,515.0,20.0,14.0,28.0,27.0,3.0,2.0,2.0,1.0,0.0,4.0,13.0,11.0,0.0,0.0
9373,Man Utd,Newcastle,0,1,47.1,52.9,4.0,3.0,8.0,9.0,609.0,678.0,374.0,438.0,23.0,29.0,32.0,22.0,4.0,4.0,2.0,2.0,0.0,2.0,11.0,18.0,0.0,0.0
9371,Crystal Palace,Cardiff,2,0,43.7,56.3,5.0,2.0,19.0,10.0,544.0,609.0,285.0,381.0,22.0,13.0,53.0,58.0,8.0,3.0,2.0,1.0,0.0,0.0,9.0,12.0,0.0,0.0
9372,Liverpool,West Ham,4,1,63.9,36.1,9.0,1.0,32.0,8.0,812.0,530.0,540.0,289.0,18.0,28.0,39.0,34.0,8.0,4.0,2.0,1.0,0.0,3.0,9.0,12.0,0.0,1.0
9374,Southampton,Man City,1,1,54.7,45.3,4.0,3.0,15.0,13.0,681.0,599.0,431.0,357.0,20.0,28.0,38.0,32.0,5.0,4.0,6.0,2.0,0.0,2.0,6.0,9.0,0.0,0.0
9375,Stoke,Chelsea,3,2,42.9,57.1,3.0,6.0,9.0,15.0,566.0,725.0,361.0,512.0,21.0,14.0,21.0,30.0,5.0,2.0,2.0,0.0,4.0,1.0,14.0,8.0,0.0,0.0
9377,West Brom,Norwich,0,2,63.8,36.2,12.0,3.0,26.0,8.0,756.0,526.0,524.0,302.0,15.0,11.0,23.0,42.0,10.0,3.0,1.0,0.0,1.0,3.0,10.0,6.0,0.0,0.0
9376,Sunderland,Spurs,1,2,47.0,53.0,4.0,5.0,11.0,22.0,618.0,713.0,419.0,488.0,28.0,20.0,13.0,25.0,4.0,10.0,2.0,1.0,2.0,0.0,14.0,9.0,0.0,0.0
9362,Arsenal,Hull,2,0,66.6,33.4,7.0,2.0,20.0,7.0,1001.0,566.0,803.0,389.0,11.0,21.0,25.0,17.0,11.0,1.0,1.0,2.0,0.0,0.0,9.0,6.0,0.0,0.0
9364,Liverpool,Norwich,5,1,61.8,38.2,12.0,5.0,28.0,14.0,822.0,561.0,603.0,356.0,23.0,18.0,25.0,18.0,4.0,0.0,2.0,0.0,3.0,1.0,10.0,6.0,0.0,0.0
9365,Man Utd,Everton,0,1,52.0,48.0,6.0,4.0,18.0,15.0,707.0,669.0,460.0,437.0,17.0,23.0,29.0,49.0,7.0,4.0,1.0,2.0,2.0,0.0,12.0,12.0,0.0,0.0
9366,Southampton,Aston Villa,2,3,78.1,21.9,9.0,3.0,21.0,6.0,930.0,397.0,710.0,196.0,16.0,24.0,11.0,35.0,8.0,2.0,3.0,6.0,3.0,2.0,9.0,13.0,0.0,0.0
9367,Stoke,Cardiff,0,0,59.2,40.8,2.0,3.0,17.0,14.0,720.0,556.0,478.0,320.0,15.0,16.0,19.0,47.0,2.0,5.0,6.0,3.0,2.0,2.0,11.0,12.0,0.0,0.0
9368,Sunderland,Chelsea,3,4,45.0,55.0,3.0,5.0,12.0,19.0,579.0,713.0,391.0,500.0,17.0,17.0,20.0,36.0,6.0,5.0,0.0,0.0,4.0,3.0,15.0,14.0,0.0,0.0
9369,Swansea,Newcastle,3,0,65.4,34.6,5.0,3.0,13.0,14.0,957.0,600.0,744.0,384.0,17.0,27.0,25.0,22.0,5.0,1.0,1.0,0.0,0.0,2.0,4.0,8.0,0.0,0.0
9363,Fulham,Spurs,1,2,39.4,60.6,6.0,5.0,16.0,18.0,578.0,755.0,321.0,533.0,23.0,15.0,36.0,34.0,9.0,7.0,4.0,0.0,2.0,1.0,7.0,16.0,0.0,0.0
9370,West Brom,Man City,2,3,41.9,58.1,1.0,5.0,12.0,15.0,604.0,773.0,408.0,571.0,26.0,22.0,19.0,28.0,3.0,3.0,2.0,1.0,1.0,1.0,8.0,10.0,0.0,0.0
9361,Crystal Palace,West Ham,1,0,37.0,63.0,5.0,2.0,10.0,11.0,498.0,705.0,265.0,457.0,21.0,24.0,61.0,43.0,3.0,4.0,2.0,6.0,1.0,2.0,10.0,9.0,0.0,0.0
9360,Spurs,Man Utd,2,2,40.0,60.0,4.0,3.0,10.0,8.0,525.0,686.0,304.0,463.0,24.0,22.0,20.0,40.0,7.0,7.0,2.0,1.0,1.0,3.0,9.0,15.0,0.0,0.0
9358,Hull,Liverpool,3,1,38.5,61.5,4.0,4.0,12.0,9.0,564.0,786.0,355.0,576.0,25.0,14.0,30.0,41.0,2.0,6.0,3.0,0.0,2.0,0.0,10.0,16.0,0.0,0.0
9357,Chelsea,Southampton,3,1,51.0,49.0,7.0,1.0,16.0,9.0,647.0,616.0,367.0,358.0,34.0,29.0,31.0,47.0,8.0,4.0,7.0,1.0,1.0,4.0,15.0,14.0,0.0,0.0
9359,Man City,Swansea,3,0,45.5,54.5,7.0,4.0,22.0,9.0,681.0,762.0,495.0,596.0,14.0,19.0,17.0,17.0,5.0,4.0,3.0,2.0,1.0,0.0,7.0,8.0,0.0,0.0
9351,Aston Villa,Sunderland,0,0,50.9,49.1,4.0,1.0,13.0,7.0,627.0,601.0,432.0,419.0,10.0,15.0,16.0,23.0,7.0,6.0,2.0,5.0,2.0,1.0,14.0,12.0,0.0,0.0
9352,Cardiff,Arsenal,0,3,43.5,56.5,4.0,6.0,10.0,15.0,600.0,761.0,422.0,561.0,11.0,17.0,18.0,38.0,3.0,3.0,2.0,1.0,0.0,3.0,6.0,8.0,0.0,0.0
9353,Everton,Stoke,4,0,54.0,46.0,12.0,3.0,22.0,4.0,716.0,619.0,479.0,409.0,18.0,30.0,25.0,25.0,9.0,3.0,3.0,4.0,0.0,3.0,9.0,16.0,0.0,0.0
9355,Norwich,Crystal Palace,1,0,60.0,40.0,3.0,3.0,10.0,13.0,724.0,544.0,511.0,336.0,13.0,18.0,33.0,35.0,5.0,4.0,1.0,2.0,1.0,2.0,12.0,14.0,0.0,0.0
9356,West Ham,Fulham,3,0,48.3,51.7,12.0,0.0,23.0,10.0,598.0,627.0,365.0,411.0,23.0,11.0,41.0,43.0,6.0,3.0,3.0,1.0,3.0,2.0,11.0,8.0,0.0,0.0
9354,Newcastle,West Brom,2,1,53.1,46.9,6.0,1.0,14.0,14.0,644.0,628.0,447.0,397.0,23.0,18.0,22.0,43.0,3.0,3.0,4.0,0.0,1.0,2.0,15.0,15.0,0.0,0.0
9350,West Brom,Aston Villa,2,2,51.4,48.6,4.0,7.0,11.0,15.0,675.0,609.0,439.0,420.0,10.0,20.0,56.0,33.0,4.0,2.0,6.0,5.0,1.0,2.0,9.0,14.0,0.0,0.0
9349,Man City,Spurs,6,0,46.9,53.1,10.0,5.0,15.0,13.0,661.0,685.0,457.0,510.0,26.0,23.0,32.0,12.0,4.0,7.0,1.0,5.0,1.0,3.0,7.0,11.0,0.0,0.0
9348,Cardiff,Man Utd,2,2,49.9,50.1,4.0,5.0,14.0,16.0,598.0,619.0,383.0,391.0,20.0,22.0,25.0,46.0,2.0,8.0,0.0,3.0,4.0,2.0,15.0,14.0,0.0,0.0
9342,Everton,Liverpool,3,3,50.7,49.3,12.0,5.0,18.0,11.0,639.0,613.0,384.0,378.0,24.0,29.0,31.0,39.0,6.0,7.0,1.0,4.0,4.0,3.0,16.0,15.0,0.0,0.0
9341,Arsenal,Southampton,2,0,49.3,50.7,4.0,4.0,9.0,10.0,724.0,699.0,478.0,492.0,21.0,34.0,35.0,26.0,5.0,6.0,11.0,7.0,0.0,3.0,10.0,14.0,0.0,0.0
9343,Fulham,Swansea,1,2,36.7,63.3,3.0,5.0,9.0,21.0,575.0,853.0,365.0,643.0,15.0,19.0,39.0,21.0,8.0,8.0,2.0,0.0,3.0,1.0,11.0,9.0,0.0,0.0
9344,Hull,Crystal Palace,0,1,62.3,37.7,2.0,2.0,15.0,9.0,717.0,566.0,506.0,315.0,18.0,13.0,17.0,69.0,11.0,4.0,2.0,2.0,2.0,1.0,8.0,11.0,0.0,1.0
9345,Newcastle,Norwich,2,1,48.8,51.2,5.0,2.0,21.0,10.0,677.0,657.0,457.0,476.0,18.0,19.0,38.0,25.0,6.0,5.0,2.0,1.0,0.0,1.0,8.0,7.0,0.0,0.0
9346,Stoke,Sunderland,2,0,49.9,50.1,5.0,3.0,17.0,11.0,626.0,644.0,455.0,459.0,15.0,6.0,19.0,24.0,3.0,7.0,2.0,2.0,2.0,1.0,11.0,5.0,0.0,1.0
9347,West Ham,Chelsea,0,3,44.9,55.1,1.0,8.0,8.0,20.0,617.0,695.0,388.0,490.0,18.0,21.0,41.0,39.0,8.0,4.0,3.0,2.0,0.0,0.0,12.0,10.0,0.0,0.0
9340,Spurs,Newcastle,0,1,65.3,34.7,14.0,4.0,31.0,8.0,733.0,509.0,472.0,256.0,20.0,29.0,31.0,47.0,11.0,4.0,2.0,8.0,1.0,2.0,5.0,15.0,0.0,0.0
9338,Sunderland,Man City,1,0,36.9,63.1,2.0,4.0,5.0,24.0,567.0,836.0,378.0,635.0,18.0,11.0,37.0,11.0,0.0,14.0,0.0,2.0,0.0,1.0,6.0,13.0,0.0,0.0
9337,Man Utd,Arsenal,1,0,40.5,59.5,2.0,2.0,5.0,10.0,606.0,783.0,354.0,539.0,29.0,29.0,49.0,37.0,5.0,6.0,2.0,2.0,2.0,3.0,12.0,11.0,0.0,0.0
9339,Swansea,Stoke,3,3,65.1,34.9,6.0,3.0,17.0,6.0,767.0,493.0,538.0,292.0,18.0,28.0,8.0,35.0,14.0,3.0,3.0,0.0,5.0,3.0,12.0,15.0,0.0,0.0
9331,Aston Villa,Cardiff,2,0,43.1,56.9,6.0,2.0,17.0,8.0,543.0,695.0,341.0,461.0,22.0,15.0,24.0,37.0,5.0,3.0,5.0,7.0,1.0,1.0,10.0,3.0,0.0,0.0
9332,Chelsea,West Brom,2,2,67.8,32.2,7.0,3.0,17.0,11.0,844.0,518.0,630.0,294.0,22.0,22.0,18.0,48.0,9.0,4.0,3.0,0.0,3.0,7.0,11.0,15.0,0.0,0.0
9333,Crystal Palace,Everton,0,0,27.2,72.8,2.0,2.0,9.0,15.0,423.0,837.0,222.0,622.0,21.0,15.0,29.0,24.0,4.0,7.0,4.0,1.0,1.0,0.0,16.0,8.0,0.0,0.0
9334,Liverpool,Fulham,4,0,67.3,32.7,10.0,1.0,32.0,4.0,934.0,567.0,722.0,334.0,25.0,20.0,18.0,27.0,9.0,3.0,4.0,2.0,0.0,1.0,13.0,9.0,0.0,0.0
9336,Southampton,Hull,4,1,60.5,39.5,7.0,2.0,15.0,10.0,770.0,539.0,561.0,356.0,12.0,22.0,38.0,15.0,6.0,5.0,3.0,6.0,1.0,2.0,10.0,15.0,0.0,0.0
9335,Norwich,West Ham,3,1,46.9,53.1,6.0,4.0,15.0,12.0,594.0,654.0,405.0,457.0,20.0,16.0,34.0,33.0,4.0,2.0,0.0,6.0,1.0,1.0,12.0,11.0,0.0,0.0
9330,Everton,Spurs,0,0,52.2,47.8,1.0,6.0,8.0,16.0,634.0,597.0,408.0,374.0,18.0,17.0,27.0,30.0,7.0,4.0,2.0,0.0,4.0,1.0,11.0,9.0,0.0,0.0
9329,Cardiff,Swansea,1,0,45.3,54.7,3.0,3.0,9.0,10.0,615.0,706.0,429.0,520.0,18.0,15.0,26.0,19.0,6.0,3.0,3.0,5.0,1.0,1.0,11.0,7.0,0.0,1.0
9325,Newcastle,Chelsea,2,0,39.1,60.9,8.0,2.0,15.0,13.0,563.0,741.0,344.0,535.0,10.0,18.0,48.0,32.0,3.0,8.0,3.0,4.0,2.0,2.0,13.0,11.0,0.0,0.0
9322,Fulham,Man Utd,1,3,47.0,53.0,6.0,4.0,15.0,10.0,675.0,743.0,451.0,517.0,25.0,25.0,24.0,40.0,4.0,4.0,2.0,1.0,2.0,1.0,6.0,12.0,0.0,0.0
9323,Hull,Sunderland,1,0,70.0,30.0,2.0,1.0,25.0,9.0,770.0,435.0,574.0,245.0,11.0,18.0,9.0,42.0,4.0,2.0,3.0,0.0,2.0,0.0,17.0,11.0,0.0,2.0
9324,Man City,Norwich,7,0,68.3,31.7,9.0,1.0,27.0,7.0,953.0,522.0,769.0,352.0,12.0,14.0,16.0,17.0,10.0,3.0,1.0,0.0,1.0,1.0,6.0,9.0,0.0,0.0
9326,Stoke,Southampton,1,1,39.2,60.8,3.0,2.0,9.0,10.0,548.0,747.0,325.0,508.0,23.0,14.0,23.0,28.0,5.0,5.0,0.0,2.0,3.0,1.0,13.0,13.0,0.0,0.0
9327,West Brom,Crystal Palace,2,0,49.8,50.2,4.0,4.0,9.0,12.0,628.0,660.0,415.0,437.0,17.0,23.0,24.0,37.0,10.0,3.0,2.0,0.0,0.0,1.0,11.0,9.0,0.0,0.0
9328,West Ham,Aston Villa,0,0,59.4,40.6,4.0,2.0,17.0,8.0,761.0,561.0,536.0,375.0,6.0,24.0,30.0,45.0,5.0,1.0,0.0,1.0,0.0,2.0,8.0,15.0,0.0,0.0
9321,Arsenal,Liverpool,2,0,54.4,45.6,7.0,4.0,12.0,12.0,837.0,746.0,614.0,510.0,34.0,27.0,17.0,28.0,3.0,5.0,1.0,4.0,2.0,1.0,11.0,7.0,0.0,0.0
9318,Sunderland,Newcastle,2,1,48.3,51.7,4.0,4.0,8.0,16.0,542.0,591.0,341.0,375.0,16.0,8.0,42.0,34.0,5.0,3.0,4.0,2.0,1.0,1.0,13.0,14.0,0.0,0.0
9317,Chelsea,Man City,2,1,45.5,54.5,4.0,6.0,12.0,15.0,623.0,670.0,396.0,480.0,26.0,22.0,31.0,20.0,3.0,6.0,4.0,2.0,2.0,3.0,11.0,15.0,0.0,0.0
9319,Swansea,West Ham,0,0,67.0,33.0,5.0,4.0,10.0,15.0,797.0,481.0,578.0,275.0,17.0,12.0,32.0,33.0,9.0,6.0,2.0,2.0,1.0,3.0,12.0,14.0,0.0,0.0
9320,Spurs,Hull,1,0,66.2,33.8,6.0,4.0,15.0,10.0,768.0,462.0,542.0,268.0,19.0,27.0,28.0,23.0,6.0,4.0,1.0,1.0,3.0,3.0,13.0,10.0,0.0,0.0
9312,Crystal Palace,Arsenal,0,2,37.5,62.5,4.0,4.0,13.0,10.0,601.0,880.0,386.0,665.0,25.0,26.0,24.0,21.0,4.0,3.0,2.0,2.0,0.0,0.0,12.0,8.0,0.0,1.0
9311,Aston Villa,Everton,0,2,46.9,53.1,3.0,4.0,14.0,15.0,596.0,675.0,383.0,447.0,15.0,26.0,17.0,39.0,8.0,6.0,2.0,3.0,0.0,2.0,14.0,8.0,0.0,0.0
9313,Liverpool,West Brom,4,1,54.8,45.2,7.0,3.0,18.0,15.0,737.0,608.0,514.0,416.0,21.0,18.0,26.0,18.0,3.0,9.0,1.0,0.0,0.0,2.0,14.0,11.0,0.0,0.0
9314,Man Utd,Stoke,3,2,66.7,33.3,5.0,5.0,19.0,10.0,800.0,475.0,565.0,282.0,11.0,18.0,22.0,39.0,12.0,2.0,2.0,0.0,2.0,6.0,8.0,18.0,0.0,0.0
9315,Norwich,Cardiff,0,0,60.5,39.5,10.0,4.0,31.0,6.0,746.0,565.0,518.0,338.0,9.0,17.0,16.0,56.0,13.0,2.0,2.0,3.0,1.0,1.0,8.0,10.0,0.0,0.0
9316,Southampton,Fulham,2,0,66.2,33.8,6.0,0.0,20.0,1.0,840.0,532.0,634.0,312.0,28.0,16.0,21.0,30.0,10.0,3.0,4.0,3.0,0.0,2.0,12.0,8.0,0.0,0.0
9310,Crystal Palace,Fulham,1,4,45.9,54.1,4.0,6.0,14.0,9.0,581.0,664.0,374.0,453.0,22.0,27.0,11.0,31.0,5.0,7.0,2.0,1.0,0.0,1.0,10.0,13.0,0.0,0.0
9309,Aston Villa,Spurs,0,2,37.1,62.9,2.0,6.0,15.0,13.0,537.0,746.0,310.0,531.0,17.0,18.0,29.0,22.0,4.0,7.0,2.0,1.0,3.0,4.0,13.0,12.0,0.0,0.0
9305,Newcastle,Liverpool,2,2,37.7,62.3,4.0,7.0,14.0,23.0,536.0,777.0,327.0,555.0,21.0,17.0,38.0,31.0,3.0,13.0,0.0,2.0,2.0,3.0,8.0,10.0,1.0,0.0
9301,Arsenal,Norwich,4,1,56.3,43.7,11.0,6.0,20.0,12.0,828.0,695.0,637.0,503.0,21.0,13.0,12.0,28.0,10.0,1.0,1.0,2.0,0.0,0.0,8.0,7.0,0.0,0.0
9302,Chelsea,Cardiff,4,1,64.9,35.1,7.0,3.0,20.0,13.0,753.0,476.0,554.0,280.0,15.0,14.0,33.0,31.0,6.0,9.0,3.0,1.0,1.0,2.0,12.0,5.0,0.0,0.0
9303,Everton,Hull,2,1,66.9,33.1,6.0,1.0,14.0,9.0,848.0,496.0,633.0,304.0,19.0,24.0,28.0,25.0,5.0,7.0,1.0,1.0,3.0,1.0,7.0,17.0,0.0,0.0
9304,Man Utd,Southampton,1,1,46.4,53.6,5.0,7.0,12.0,18.0,656.0,664.0,393.0,454.0,18.0,27.0,48.0,23.0,4.0,4.0,8.0,2.0,2.0,3.0,10.0,19.0,0.0,0.0
9306,Stoke,West Brom,0,0,49.7,50.3,3.0,5.0,9.0,12.0,607.0,639.0,401.0,399.0,20.0,14.0,25.0,30.0,6.0,6.0,2.0,2.0,1.0,0.0,12.0,10.0,0.0,0.0
9307,Swansea,Sunderland,4,0,63.9,36.1,6.0,1.0,14.0,6.0,792.0,511.0,628.0,347.0,10.0,20.0,12.0,16.0,7.0,2.0,2.0,5.0,1.0,2.0,12.0,13.0,0.0,0.0
9308,West Ham,Man City,1,3,37.9,62.1,2.0,9.0,11.0,16.0,544.0,804.0,344.0,604.0,18.0,22.0,19.0,37.0,5.0,5.0,1.0,1.0,1.0,2.0,7.0,12.0,0.0,0.0
9297,Norwich,Chelsea,1,3,44.8,55.2,3.0,8.0,14.0,22.0,581.0,691.0,405.0,506.0,14.0,16.0,23.0,22.0,4.0,6.0,1.0,2.0,1.0,1.0,12.0,9.0,0.0,0.0
9298,Southampton,Swansea,2,0,42.6,57.4,4.0,7.0,12.0,17.0,572.0,713.0,367.0,497.0,23.0,14.0,23.0,18.0,7.0,4.0,5.0,1.0,3.0,1.0,13.0,8.0,0.0,0.0
9299,Spurs,West Ham,0,3,60.8,39.2,4.0,5.0,14.0,16.0,709.0,530.0,502.0,321.0,19.0,27.0,16.0,25.0,6.0,7.0,3.0,3.0,0.0,0.0,5.0,9.0,0.0,0.0
9300,West Brom,Arsenal,1,1,44.1,55.9,4.0,5.0,12.0,14.0,622.0,728.0,410.0,539.0,15.0,22.0,23.0,29.0,6.0,2.0,4.0,2.0,1.0,2.0,6.0,11.0,0.0,0.0
9295,Man City,Everton,3,1,53.9,46.1,6.0,4.0,12.0,6.0,671.0,630.0,491.0,417.0,20.0,22.0,14.0,31.0,8.0,1.0,3.0,4.0,5.0,4.0,15.0,10.0,0.0,0.0
9291,Cardiff,Newcastle,1,2,57.3,42.7,2.0,10.0,8.0,20.0,707.0,589.0,477.0,360.0,20.0,19.0,22.0,39.0,3.0,3.0,1.0,1.0,1.0,0.0,11.0,8.0,0.0,0.0
9292,Fulham,Stoke,1,0,44.2,55.8,2.0,3.0,9.0,16.0,624.0,707.0,394.0,500.0,18.0,16.0,35.0,14.0,7.0,5.0,6.0,5.0,3.0,2.0,11.0,13.0,0.0,0.0
9293,Hull,Aston Villa,0,0,45.7,54.3,1.0,4.0,6.0,18.0,559.0,677.0,367.0,461.0,14.0,20.0,28.0,48.0,7.0,7.0,1.0,2.0,2.0,1.0,7.0,11.0,0.0,0.0
9294,Liverpool,Crystal Palace,3,1,61.0,39.0,7.0,2.0,13.0,11.0,847.0,612.0,614.0,394.0,20.0,29.0,33.0,32.0,11.0,3.0,5.0,1.0,2.0,1.0,11.0,6.0,0.0,0.0
9296,Sunderland,Man Utd,1,2,37.5,62.5,2.0,6.0,6.0,13.0,545.0,831.0,338.0,571.0,22.0,20.0,27.0,52.0,4.0,4.0,1.0,3.0,2.0,4.0,15.0,13.0,0.0,0.0
9290,Everton,Newcastle,3,2,49.9,50.1,8.0,6.0,19.0,15.0,718.0,706.0,512.0,508.0,20.0,21.0,25.0,18.0,1.0,1.0,3.0,4.0,3.0,1.0,7.0,16.0,0.0,0.0
9288,Stoke,Norwich,0,1,55.8,44.2,1.0,3.0,8.0,8.0,687.0,604.0,463.0,366.0,22.0,35.0,29.0,31.0,7.0,3.0,4.0,2.0,2.0,1.0,14.0,12.0,0.0,0.0
9289,Sunderland,Liverpool,1,3,46.3,53.7,5.0,6.0,23.0,15.0,571.0,664.0,348.0,419.0,23.0,19.0,26.0,54.0,10.0,8.0,4.0,1.0,2.0,1.0,9.0,11.0,0.0,0.0
9287,Spurs,Chelsea,1,1,53.5,46.5,3.0,5.0,12.0,11.0,616.0,548.0,409.0,343.0,14.0,21.0,28.0,24.0,4.0,5.0,2.0,10.0,5.0,1.0,16.0,14.0,0.0,1.0
9281,Aston Villa,Man City,3,2,33.3,66.7,4.0,7.0,8.0,21.0,451.0,757.0,273.0,554.0,18.0,14.0,29.0,19.0,2.0,13.0,0.0,5.0,1.0,1.0,13.0,9.0,0.0,0.0
9282,Fulham,Cardiff,1,2,48.6,51.4,5.0,5.0,9.0,22.0,603.0,645.0,388.0,430.0,10.0,16.0,32.0,35.0,11.0,10.0,1.0,0.0,1.0,1.0,14.0,14.0,0.0,0.0
9283,Hull,West Ham,1,0,41.1,58.9,4.0,6.0,11.0,18.0,520.0,668.0,312.0,450.0,18.0,16.0,44.0,29.0,6.0,6.0,2.0,0.0,1.0,2.0,11.0,13.0,0.0,0.0
9284,Man Utd,West Brom,1,2,59.1,40.9,6.0,4.0,14.0,12.0,756.0,568.0,527.0,368.0,21.0,13.0,32.0,35.0,5.0,8.0,4.0,1.0,3.0,2.0,10.0,14.0,0.0,0.0
9285,Southampton,Crystal Palace,2,0,60.8,39.2,4.0,0.0,12.0,8.0,765.0,550.0,537.0,338.0,15.0,22.0,35.0,27.0,8.0,2.0,1.0,2.0,1.0,2.0,11.0,15.0,0.0,0.0
9286,Swansea,Arsenal,1,2,58.5,41.5,3.0,4.0,10.0,10.0,812.0,622.0,624.0,437.0,16.0,18.0,7.0,16.0,4.0,3.0,3.0,4.0,3.0,2.0,6.0,11.0,0.0,0.0
9277,Arsenal,Stoke,3,1,0.0,0.0,0.0,0.0,0.0,0.0,0.0,0.0,0.0,0.0,0.0,0.0,0.0,0.0,0.0,0.0,0.0,0.0,0.0,0.0,0.0,0.0,0.0,0.0
9279,Crystal Palace,Swansea,0,2,43.4,56.6,1.0,7.0,9.0,15.0,617.0,787.0,413.0,550.0,20.0,16.0,20.0,49.0,6.0,8.0,1.0,4.0,2.0,2.0,13.0,11.0,0.0,0.0
9278,Cardiff,Spurs,0,1,36.3,63.7,0.0,12.0,6.0,29.0,510.0,720.0,288.0,513.0,23.0,15.0,51.0,16.0,2.0,12.0,6.0,1.0,1.0,4.0,7.0,8.0,0.0,0.0
9280,Man City,Man Utd,4,1,41.6,58.4,5.0,3.0,18.0,14.0,524.0,697.0,334.0,478.0,22.0,14.0,28.0,38.0,8.0,4.0,1.0,4.0,1.0,2.0,8.0,12.0,0.0,0.0
9274,Norwich,Aston Villa,0,1,64.2,35.8,2.0,4.0,13.0,16.0,683.0,493.0,464.0,264.0,14.0,25.0,10.0,45.0,7.0,4.0,2.0,2.0,1.0,0.0,15.0,12.0,0.0,0.0
9272,Liverpool,Southampton,0,1,55.2,44.8,5.0,7.0,10.0,12.0,707.0,598.0,465.0,373.0,20.0,38.0,27.0,29.0,6.0,6.0,3.0,5.0,0.0,1.0,6.0,9.0,0.0,0.0
9273,Newcastle,Hull,2,3,61.3,38.7,2.0,5.0,15.0,12.0,755.0,569.0,552.0,340.0,17.0,28.0,23.0,37.0,3.0,3.0,0.0,5.0,1.0,1.0,11.0,8.0,0.0,0.0
9275,West Brom,Sunderland,3,0,54.1,45.9,4.0,0.0,13.0,7.0,702.0,572.0,479.0,400.0,14.0,23.0,41.0,23.0,5.0,6.0,4.0,0.0,0.0,2.0,9.0,12.0,0.0,0.0
9276,West Ham,Everton,2,3,37.7,62.3,2.0,4.0,10.0,10.0,510.0,748.0,319.0,526.0,26.0,17.0,29.0,41.0,5.0,5.0,0.0,2.0,2.0,1.0,17.0,12.0,1.0,0.0
9271,Chelsea,Fulham,2,0,64.4,35.6,9.0,1.0,24.0,4.0,793.0,552.0,604.0,332.0,27.0,16.0,15.0,35.0,13.0,3.0,1.0,1.0,0.0,0.0,11.0,9.0,0.0,0.0
9270,Swansea,Liverpool,2,2,58.9,41.1,9.0,5.0,18.0,12.0,836.0,637.0,628.0,432.0,18.0,16.0,35.0,43.0,3.0,7.0,1.0,2.0,2.0,3.0,8.0,10.0,0.0,0.0
9269,Southampton,West Ham,0,0,58.7,41.3,5.0,1.0,15.0,6.0,666.0,517.0,413.0,282.0,26.0,19.0,44.0,31.0,10.0,5.0,0.0,2.0,1.0,3.0,12.0,12.0,0.0,0.0
9265,Man Utd,Crystal Palace,2,0,60.4,39.6,8.0,0.0,20.0,4.0,783.0,570.0,556.0,377.0,13.0,24.0,22.0,33.0,10.0,1.0,5.0,0.0,1.0,2.0,10.0,12.0,0.0,1.0
9261,Aston Villa,Newcastle,1,2,54.7,45.3,1.0,8.0,10.0,17.0,665.0,613.0,469.0,392.0,24.0,14.0,20.0,32.0,4.0,2.0,1.0,3.0,1.0,4.0,10.0,12.0,0.0,0.0
9263,Fulham,West Brom,1,1,56.6,43.4,2.0,4.0,12.0,12.0,715.0,584.0,522.0,387.0,14.0,15.0,29.0,38.0,4.0,5.0,3.0,4.0,0.0,1.0,11.0,12.0,0.0,0.0
9264,Hull,Cardiff,1,1,46.0,54.0,5.0,2.0,18.0,10.0,627.0,705.0,428.0,505.0,13.0,10.0,34.0,39.0,6.0,2.0,2.0,1.0,1.0,2.0,7.0,9.0,0.0,0.0
9266,Stoke,Man City,0,0,42.1,57.9,3.0,3.0,11.0,10.0,567.0,722.0,356.0,509.0,23.0,21.0,15.0,35.0,2.0,4.0,1.0,0.0,1.0,1.0,13.0,11.0,0.0,0.0
9267,Sunderland,Arsenal,1,3,30.6,69.4,3.0,6.0,18.0,14.0,474.0,855.0,273.0,656.0,25.0,16.0,22.0,18.0,6.0,6.0,4.0,0.0,1.0,2.0,13.0,11.0,0.0,0.0
9268,Spurs,Norwich,2,0,69.0,31.0,7.0,1.0,23.0,5.0,894.0,472.0,653.0,289.0,15.0,29.0,23.0,26.0,8.0,1.0,1.0,4.0,1.0,3.0,4.0,12.0,0.0,0.0
9262,Everton,Chelsea,1,0,43.5,56.5,5.0,6.0,11.0,22.0,603.0,699.0,373.0,491.0,23.0,19.0,35.0,11.0,5.0,7.0,2.0,0.0,0.0,4.0,10.0,14.0,0.0,0.0
9259,Liverpool,Man Utd,1,0,43.0,57.0,5.0,4.0,11.0,10.0,589.0,715.0,379.0,478.0,31.0,17.0,33.0,32.0,2.0,7.0,1.0,0.0,2.0,4.0,15.0,15.0,0.0,0.0
9260,West Brom,Swansea,0,2,42.0,58.0,1.0,4.0,10.0,12.0,641.0,837.0,457.0,637.0,14.0,18.0,29.0,29.0,2.0,5.0,3.0,3.0,4.0,3.0,10.0,14.0,0.0,0.0
9258,Arsenal,Spurs,1,0,43.4,56.6,5.0,5.0,12.0,14.0,606.0,725.0,394.0,509.0,29.0,14.0,34.0,19.0,3.0,6.0,1.0,0.0,2.0,2.0,15.0,14.0,0.0,0.0
9254,Man City,Hull,2,0,58.2,41.8,6.0,2.0,12.0,7.0,725.0,568.0,529.0,376.0,18.0,19.0,27.0,23.0,7.0,4.0,1.0,1.0,2.0,3.0,15.0,14.0,0.0,0.0
9252,Cardiff,Everton,0,0,37.0,63.0,1.0,3.0,4.0,13.0,501.0,724.0,302.0,514.0,23.0,15.0,38.0,26.0,4.0,5.0,4.0,4.0,1.0,1.0,11.0,7.0,0.0,0.0
9255,Newcastle,Fulham,1,0,53.8,46.2,9.0,2.0,24.0,3.0,681.0,615.0,466.0,417.0,20.0,13.0,22.0,38.0,13.0,2.0,0.0,3.0,2.0,2.0,13.0,10.0,0.0,0.0
9256,Norwich,Southampton,1,0,42.2,57.8,4.0,2.0,14.0,11.0,568.0,687.0,341.0,480.0,30.0,19.0,29.0,16.0,5.0,4.0,1.0,6.0,0.0,0.0,11.0,15.0,0.0,0.0
9257,West Ham,Stoke,0,1,44.9,55.1,0.0,5.0,9.0,15.0,517.0,581.0,321.0,405.0,12.0,17.0,29.0,27.0,3.0,4.0,1.0,1.0,2.0,1.0,10.0,12.0,0.0,0.0
9253,Crystal Palace,Sunderland,3,1,50.0,50.0,7.0,2.0,18.0,10.0,658.0,628.0,419.0,407.0,28.0,24.0,51.0,33.0,6.0,6.0,2.0,1.0,1.0,0.0,6.0,7.0,0.0,1.0
9251,Man Utd,Chelsea,0,0,55.2,44.8,3.0,4.0,12.0,8.0,756.0,635.0,550.0,448.0,22.0,15.0,35.0,26.0,4.0,1.0,3.0,1.0,0.0,2.0,9.0,10.0,0.0,0.0
9249,Cardiff,Man City,3,2,30.0,70.0,6.0,5.0,9.0,16.0,450.0,804.0,264.0,637.0,16.0,12.0,36.0,17.0,3.0,8.0,4.0,2.0,0.0,0.0,2.0,11.0,0.0,0.0
9250,Spurs,Swansea,1,0,47.6,52.4,7.0,5.0,21.0,7.0,672.0,719.0,454.0,511.0,22.0,14.0,30.0,43.0,8.0,3.0,0.0,3.0,1.0,4.0,10.0,15.0,0.0,0.0
9244,Fulham,Arsenal,1,3,46.2,53.8,7.0,9.0,16.0,19.0,664.0,737.0,479.0,556.0,18.0,10.0,25.0,19.0,1.0,8.0,3.0,0.0,2.0,2.0,10.0,9.0,0.0,0.0
9243,Everton,West Brom,0,0,62.3,37.7,8.0,2.0,22.0,7.0,720.0,500.0,478.0,298.0,20.0,23.0,36.0,45.0,11.0,1.0,5.0,1.0,1.0,1.0,15.0,17.0,0.0,0.0
9245,Hull,Norwich,1,0,38.7,61.3,2.0,4.0,7.0,13.0,567.0,765.0,360.0,582.0,19.0,13.0,28.0,14.0,1.0,5.0,1.0,0.0,1.0,1.0,15.0,19.0,1.0,0.0
9246,Newcastle,West Ham,0,0,55.2,44.8,0.0,1.0,16.0,6.0,637.0,522.0,417.0,323.0,17.0,24.0,25.0,33.0,5.0,4.0,1.0,3.0,0.0,1.0,12.0,15.0,0.0,0.0
9247,Southampton,Sunderland,1,1,66.6,33.4,6.0,3.0,17.0,8.0,760.0,454.0,540.0,260.0,12.0,21.0,38.0,34.0,5.0,2.0,1.0,1.0,2.0,2.0,11.0,13.0,0.0,0.0
9248,Stoke,Crystal Palace,2,1,49.6,50.4,4.0,5.0,14.0,14.0,640.0,669.0,409.0,437.0,20.0,31.0,23.0,37.0,7.0,0.0,1.0,0.0,3.0,0.0,14.0,6.0,0.0,0.0
9242,Aston Villa,Liverpool,0,1,47.4,52.6,3.0,1.0,17.0,5.0,704.0,756.0,481.0,546.0,31.0,23.0,18.0,35.0,8.0,2.0,2.0,2.0,3.0,3.0,10.0,8.0,0.0,0.0
9241,Chelsea,Aston Villa,2,1,69.2,30.8,3.0,3.0,15.0,7.0,856.0,459.0,677.0,286.0,16.0,13.0,29.0,26.0,1.0,2.0,5.0,5.0,1.0,4.0,13.0,16.0,0.0,0.0
9240,Man City,Newcastle,4,0,63.5,36.5,11.0,1.0,20.0,6.0,855.0,572.0,665.0,377.0,29.0,14.0,17.0,21.0,8.0,1.0,3.0,2.0,2.0,3.0,9.0,8.0,0.0,1.0
9239,Crystal Palace,Spurs,0,1,41.8,58.2,3.0,3.0,5.0,18.0,551.0,744.0,362.0,510.0,21.0,24.0,27.0,37.0,3.0,7.0,4.0,0.0,1.0,0.0,9.0,8.0,0.0,0.0
9238,Chelsea,Hull,2,0,51.4,48.6,6.0,2.0,23.0,7.0,738.0,710.0,551.0,502.0,14.0,16.0,27.0,18.0,5.0,1.0,1.0,2.0,0.0,1.0,8.0,16.0,0.0,0.0
9232,Liverpool,Stoke,1,0,55.3,44.7,11.0,6.0,25.0,12.0,765.0,669.0,520.0,416.0,34.0,34.0,18.0,31.0,12.0,6.0,2.0,1.0,1.0,1.0,11.0,12.0,0.0,0.0
9231,Arsenal,Aston Villa,1,3,63.8,36.2,4.0,5.0,15.0,10.0,729.0,481.0,522.0,297.0,10.0,21.0,16.0,31.0,4.0,3.0,3.0,1.0,4.0,5.0,15.0,19.0,1.0,0.0
9233,Norwich,Everton,2,2,33.0,67.0,2.0,7.0,8.0,20.0,459.0,786.0,258.0,564.0,22.0,20.0,27.0,27.0,6.0,8.0,1.0,3.0,2.0,0.0,14.0,10.0,0.0,0.0
9234,Sunderland,Fulham,0,1,57.8,42.2,3.0,1.0,21.0,5.0,644.0,533.0,460.0,326.0,24.0,13.0,13.0,31.0,6.0,1.0,3.0,0.0,0.0,3.0,15.0,14.0,0.0,0.0
9236,West Brom,Southampton,0,1,46.7,53.3,1.0,3.0,11.0,8.0,568.0,620.0,363.0,400.0,16.0,11.0,38.0,39.0,4.0,8.0,1.0,2.0,4.0,0.0,15.0,25.0,0.0,0.0
9237,West Ham,Cardiff,2,0,43.6,56.4,4.0,1.0,18.0,12.0,488.0,561.0,294.0,385.0,11.0,11.0,40.0,29.0,4.0,3.0,5.0,0.0,0.0,1.0,10.0,7.0,0.0,0.0
9235,Swansea,Man Utd,1,4,53.7,46.3,6.0,8.0,17.0,14.0,738.0,662.0,534.0,471.0,14.0,9.0,27.0,42.0,7.0,4.0,2.0,5.0,1.0,3.0,13.0,10.0,0.0,0.0
