MId,Home Team,Home Team Goals,Away Team Goals,Away Team,Home Poss,Away Poss,Home ShotsT,Away ShotsT,Home Shots,Away Shots,Home Touches,Away Touches,Home Passes,Away Passes,Home Tackles,Away Tackles,Home Clearances,Away Clearances,Home Corners,Away Corners,Home Offsides,Away Offsides
12494,Man Utd,3,1,Bournemouth,66.3,33.7,5,0,12,7,846,510,677,342,17,16,11,10,7,1,4,2
12485,Arsenal,4,0,Aston Villa,59.6,40.4,7,2,16,5,774,591,609,414,14,13,12,26,5,4,0,0
12486,Chelsea,1,1,Leicester,54,46,4,5,17,18,753,668,525,444,26,24,26,16,7,6,8,0
12487,Everton,3,0,Norwich,45.5,54.5,8,2,15,11,599,650,382,445,18,13,29,28,4,11,1,1
12488,Newcastle,5,1,Spurs,38.5,61.5,10,5,19,18,538,739,351,551,20,21,35,11,3,8,1,1
12489,Southampton,4,1,Crystal Palace,49.8,50.2,5,4,19,16,612,584,396,401,15,11,40,19,2,5,2,1
12490,Stoke,2,1,West Ham,46.7,53.3,4,8,7,20,542,599,355,401,28,10,27,19,4,10,6,2
12491,Swansea,1,1,Man City,50,50,1,5,4,18,676,672,494,496,13,17,27,16,4,4,2,2
12492,Watford,2,2,Sunderland,54.2,45.8,6,4,21,6,615,547,401,346,13,20,26,39,7,4,1,4
12493,West Brom,1,1,Liverpool,32.6,67.4,1,3,13,7,492,813,285,612,22,23,25,23,7,5,1,0
12482,Liverpool,1,1,Chelsea,55.3,44.7,9,7,28,13,768,666,546,446,25,23,19,21,7,3,1,2
12483,Norwich,4,2,Watford,55.6,44.4,6,7,18,12,716,586,495,399,8,29,19,13,5,1,5,3
12484,Sunderland,3,0,Everton,37.7,62.3,8,6,14,17,545,774,352,596,12,19,34,24,5,5,2,1
12481,West Ham,3,2,Man Utd,41.3,58.7,6,2,20,3,538,659,324,473,18,25,14,26,6,2,1,2
12478,Liverpool,2,0,Watford,66.1,33.9,5,3,19,14,756,487,563,271,22,17,24,25,8,8,2,1
12479,Man City,2,2,Arsenal,57.2,42.8,3,2,14,5,747,618,505,383,22,26,28,32,7,2,3,3
12480,Spurs,1,2,Southampton,69.8,30.2,6,2,20,10,803,461,586,257,14,26,25,45,10,2,1,4
12474,Leicester,3,1,Everton,41.3,58.7,8,5,31,9,562,700,340,504,17,24,19,19,12,4,2,1
12471,Aston Villa,0,0,Newcastle,45.9,54.1,0,3,2,9,625,693,409,455,21,17,32,33,0,5,1,1
12472,Bournemouth,1,1,West Brom,68.3,31.7,4,4,12,12,776,463,567,255,24,28,19,16,5,3,1,3
12473,Crystal Palace,2,1,Stoke,57.8,42.2,4,3,17,12,585,462,390,293,8,16,10,27,4,3,1,3
12476,Sunderland,3,2,Chelsea,31.4,68.6,4,8,14,9,450,821,287,652,15,15,9,23,3,3,6,1
12477,West Ham,1,4,Swansea,51.9,48.1,7,6,25,13,622,617,427,408,10,16,11,31,13,3,3,2
12475,Norwich,0,1,Man Utd,33.1,66.9,2,2,8,15,466,767,272,579,14,19,18,18,1,6,0,1
12470,Chelsea,2,2,Spurs,47.3,52.7,5,5,13,16,588,616,366,408,24,23,22,19,7,8,3,0
12468,Southampton,4,2,Man City,40.2,59.8,7,5,14,6,594,804,384,576,38,24,13,26,8,2,3,0
12467,Man Utd,1,1,Leicester,70.5,29.5,6,3,21,14,822,480,592,248,14,25,19,36,6,5,1,0
12469,Swansea,3,1,Liverpool,47.6,52.4,9,3,18,11,678,728,480,533,20,20,12,27,4,7,1,0
12461,Arsenal,1,0,Norwich,68.6,31.4,3,3,14,12,899,494,697,305,17,17,21,23,7,3,3,2
12462,Everton,2,1,Bournemouth,56.5,43.5,5,2,12,16,780,657,608,455,19,17,20,31,3,5,1,1
12463,Newcastle,1,0,Crystal Palace,49.5,50.5,4,3,10,9,612,617,394,399,27,18,31,21,4,8,0,1
12464,Stoke,1,1,Sunderland,53.6,46.4,3,5,11,14,567,483,369,306,15,15,28,15,2,8,1,1
12465,Watford,3,2,Aston Villa,64.7,35.3,6,2,18,7,778,527,588,332,14,17,14,32,8,4,1,3
12466,West Brom,0,3,West Ham,40.9,59.1,5,4,15,8,529,703,332,493,13,16,19,37,8,6,3,1
12460,Spurs,1,1,West Brom,66.5,33.5,2,3,18,16,755,456,537,260,19,20,35,26,9,7,1,1
12458,Leicester,4,0,Swansea,38.3,61.7,9,1,18,9,627,868,392,623,30,28,25,19,4,6,3,1
12459,Sunderland,0,0,Arsenal,29.8,70.2,3,7,12,20,463,859,268,659,13,6,33,21,7,7,5,4
12454,Aston Villa,2,4,Southampton,42,58,7,7,16,17,606,738,386,536,21,21,28,17,6,11,0,4
12455,Bournemouth,1,4,Chelsea,45.3,54.7,4,4,13,16,645,759,446,560,20,24,19,22,10,7,0,3
12456,Liverpool,2,2,Newcastle,67,33,4,3,13,6,841,547,609,296,24,31,21,47,5,4,3,1
12457,Man City,4,0,Stoke,53.2,46.8,6,2,11,14,654,622,501,446,16,18,12,17,9,4,1,2
12453,Arsenal,2,0,West Brom,71.4,28.6,7,1,16,8,915,434,723,274,12,17,15,12,2,6,3,0
12450,Liverpool,4,0,Everton,66.6,33.4,13,0,37,3,813,493,595,311,19,17,12,32,9,1,2,1
12451,Man Utd,2,0,Crystal Palace,66.3,33.7,10,0,16,5,826,542,633,321,29,23,14,20,10,2,3,1
12452,West Ham,3,1,Watford,46.2,53.8,7,4,18,7,597,634,376,438,18,25,13,16,4,2,2,2
12449,Newcastle,1,1,Man City,43.2,56.8,3,5,5,9,626,739,393,522,19,27,33,30,5,3,2,3
12448,Stoke,0,4,Spurs,51.2,48.8,2,6,12,23,617,622,410,396,25,24,24,24,5,3,0,1
12445,Arsenal,1,1,Crystal Palace,71.7,28.3,6,3,21,7,936,476,737,278,16,17,16,35,10,5,2,2
12446,Bournemouth,1,2,Liverpool,51.3,48.7,5,6,18,19,720,716,503,492,22,21,9,18,5,4,2,3
12447,Leicester,2,2,West Ham,43.5,56.5,2,4,6,19,511,616,332,407,14,12,33,18,0,5,2,0
12439,Chelsea,0,3,Man City,51.8,48.2,4,8,11,11,719,733,529,509,20,13,8,33,11,3,5,1
12440,Everton,1,1,Southampton,49.3,50.7,2,4,7,17,593,580,392,378,11,15,51,16,3,10,0,3
12441,Man Utd,1,0,Aston Villa,66.2,33.8,4,1,13,7,749,506,581,294,18,21,10,23,14,3,4,0
12442,Newcastle,3,0,Swansea,34.5,65.5,7,1,12,11,509,772,290,561,22,20,18,16,3,7,4,0
12444,West Brom,0,1,Watford,56.7,43.3,4,4,17,11,661,554,425,349,13,17,18,31,9,3,1,0
12443,Norwich,0,3,Sunderland,64,36,7,3,19,8,603,454,404,240,9,14,18,79,14,0,3,5
12438,Crystal Palace,0,0,Everton,56.9,43.1,7,5,19,9,747,610,510,399,23,16,30,46,10,7,0,0
12435,Liverpool,4,1,Stoke,52.9,47.1,6,3,14,11,672,613,485,429,18,19,16,20,6,3,1,3
12437,Spurs,3,0,Man Utd,47,53,8,1,16,5,635,657,395,442,27,24,31,21,2,7,3,3
12436,Sunderland,0,2,Leicester,44.8,55.2,1,7,15,16,619,661,339,408,35,24,66,36,1,7,2,1
12430,Man City,2,1,West Brom,62.1,37.9,4,2,13,13,737,514,548,316,11,21,27,24,8,8,3,1
12428,Aston Villa,1,2,Bournemouth,41.4,58.6,1,3,6,12,563,745,381,548,22,13,20,29,3,8,2,1
12429,Crystal Palace,1,0,Norwich,52,48,7,4,13,13,527,496,315,301,11,7,23,35,10,4,3,2
12431,Southampton,3,1,Newcastle,50.6,49.4,6,3,20,5,640,619,429,426,15,20,21,31,11,2,2,1
12432,Swansea,1,0,Chelsea,39.3,60.7,6,2,12,8,633,830,403,616,26,17,32,15,1,9,1,3
12433,Watford,1,1,Everton,41.9,58.1,4,7,13,12,509,651,326,455,19,14,19,26,7,6,3,3
12434,West Ham,3,3,Arsenal,39.3,60.7,7,6,19,11,562,769,355,566,19,18,27,17,7,4,2,1
12427,Man Utd,1,0,Everton,54.4,45.6,2,1,10,7,718,642,514,428,13,30,23,21,5,5,2,3
12426,Leicester,1,0,Southampton,46,54,4,2,11,10,575,650,364,407,22,20,41,38,7,8,2,2
12421,Liverpool,1,1,Spurs,42.2,57.8,7,5,15,18,604,772,367,520,29,17,28,28,12,9,0,1
12418,Arsenal,4,0,Watford,69,31,12,3,19,7,960,514,773,328,13,20,25,23,8,3,1,3
12420,Bournemouth,0,4,Man City,45.6,54.4,2,7,11,15,651,735,459,557,17,27,20,17,4,4,2,4
12422,Norwich,3,2,Newcastle,42.7,57.3,6,5,13,13,542,680,344,475,11,12,31,32,6,5,4,3
12423,Stoke,2,2,Swansea,47.2,52.8,5,3,12,12,626,678,449,490,16,12,21,23,5,5,5,1
12424,Sunderland,0,0,West Brom,56.8,43.2,6,0,22,3,620,498,395,305,16,13,38,29,9,3,5,0
12425,West Ham,2,2,Crystal Palace,66.6,33.4,6,5,18,12,701,426,499,227,12,18,27,22,4,5,2,5
12419,Aston Villa,0,4,Chelsea,41.7,58.3,4,8,15,11,603,801,411,604,23,21,12,20,7,2,0,3
12414,Man City,0,1,Man Utd,54.5,45.5,3,4,26,5,711,590,454,398,21,26,29,23,11,5,2,1
12417,Spurs,3,0,Bournemouth,62.8,37.2,8,0,17,2,784,566,601,338,20,20,25,29,4,5,3,5
12415,Newcastle,1,1,Sunderland,59.9,40.1,8,4,17,14,661,510,434,299,24,25,31,34,2,5,1,1
12416,Southampton,3,2,Liverpool,49.2,50.8,5,8,16,17,680,667,466,485,18,11,31,24,3,5,3,2
12411,Swansea,1,0,Aston Villa,53.8,46.2,1,2,10,12,725,629,466,387,19,27,49,23,4,6,3,0
12408,Chelsea,2,2,West Ham,59.4,40.6,5,6,22,13,743,563,534,364,18,20,18,27,10,9,1,2
12409,Crystal Palace,0,1,Leicester,55.9,44.1,4,3,13,8,672,581,428,346,15,28,26,44,10,7,0,0
12412,Watford,1,2,Stoke,52.1,47.9,4,6,9,9,672,639,454,432,19,18,16,38,9,2,2,4
12413,West Brom,0,1,Norwich,50.1,49.9,0,1,10,7,573,583,361,363,17,20,36,49,4,3,4,2
12410,Everton,0,2,Arsenal,54.3,45.7,2,3,8,11,721,684,506,449,24,20,14,32,7,5,1,3
12407,Leicester,1,0,Newcastle,49.9,50.1,1,2,10,12,686,679,458,466,21,26,19,26,8,4,0,1
12406,Aston Villa,0,2,Spurs,37.5,62.5,2,8,12,19,571,779,327,574,23,21,25,37,5,8,3,2
12403,Bournemouth,3,2,Swansea,44,56,4,4,12,13,587,686,365,463,19,29,24,24,5,3,1,1
12405,Stoke,1,2,Southampton,60.6,39.4,2,4,13,11,744,548,535,345,21,20,15,42,1,4,0,1
12404,Norwich,0,0,Man City,33.9,66.1,0,3,5,15,538,846,319,625,27,21,48,36,3,8,2,1
12402,West Brom,1,0,Man Utd,46.6,53.4,2,1,9,7,659,701,439,503,19,28,23,18,4,5,5,1
12401,Crystal Palace,1,2,Liverpool,38.5,61.5,4,5,14,19,541,783,342,564,13,23,17,32,6,6,3,2
12400,Watford,0,1,Leicester,50.2,49.8,4,7,11,14,637,644,413,415,27,26,21,25,3,8,2,1
12393,Chelsea,1,1,Stoke,48.7,51.3,7,5,20,17,648,693,441,477,18,21,17,18,8,4,3,4
12394,Everton,2,3,West Ham,41.6,58.4,8,5,15,17,550,702,343,476,19,23,33,24,9,6,1,3
12395,Man City,4,0,Aston Villa,XX-XX-,XX-XX,XX-XX-,-XX-XX,XX-XX-,XX-XX,XX-XX-,XX-XX,XX-XX-,XX-XX,XX-XX-,XX-XX,XX-XX-,XX-XX,XX-XX-,XX-XX,XX-XX-,XX-XX
12396,Newcastle,1,3,Bournemouth,49.3,50.7,3,5,14,16,656,702,433,448,26,20,27,33,5,4,1,1
12397,Southampton,1,1,Sunderland,65.1,34.9,5,3,16,11,707,460,496,265,10,12,40,37,12,2,1,1
12398,Swansea,1,0,Norwich,55.8,44.2,3,3,10,8,656,547,428,341,20,15,37,37,5,0,3,3
12399,Spurs,2,2,Arsenal,51.8,48.2,11,4,26,10,675,646,423,414,30,25,22,34,9,2,2,1
12389,Liverpool,3,0,Man City,49.6,50.4,7,1,11,4,691,693,468,470,34,27,23,27,3,2,4,1
12390,Man Utd,1,0,Watford,61.3,38.7,3,4,14,13,717,505,504,307,21,26,8,24,9,7,2,0
12388,Arsenal,1,2,Swansea,62.6,37.4,4,2,17,11,834,572,621,369,28,19,15,33,7,3,3,3
12391,Stoke,1,0,Newcastle,55.3,44.7,2,3,9,5,668,575,459,373,29,18,26,27,5,1,1,1
12392,West Ham,1,0,Spurs,34.9,65.1,3,3,14,9,517,730,266,502,19,32,33,20,6,3,7,2
12383,Aston Villa,1,3,Everton,46.8,53.2,5,7,14,10,667,750,457,538,19,20,18,44,9,8,0,1
12384,Bournemouth,2,0,Southampton,45.4,54.6,4,1,9,6,529,604,336,424,12,13,30,38,10,2,1,4
12385,Leicester,2,2,West Brom,65,35,4,3,22,11,706,496,488,273,23,14,14,38,11,3,1,4
12386,Norwich,1,2,Chelsea,47,53,2,2,13,10,645,732,447,520,13,22,19,27,4,4,3,2
12387,Sunderland,2,2,Crystal Palace,59.2,40.8,6,5,17,13,632,488,427,293,17,13,22,24,4,5,0,3
12381,Man Utd,3,2,Arsenal,39.2,60.8,5,5,7,13,534,737,349,541,24,14,27,18,2,3,2,1
12382,Spurs,2,1,Swansea,57.2,42.8,15,4,34,10,675,547,450,335,11,18,25,47,7,7,3,3
12379,West Brom,3,2,Crystal Palace,46.1,53.9,5,2,11,15,571,605,370,427,14,11,34,16,3,6,1,1
12375,Leicester,1,0,Norwich,58.1,41.9,3,1,13,9,655,565,462,337,14,17,10,56,3,4,1,4
12376,Southampton,1,2,Chelsea,34.6,65.4,2,4,7,16,514,842,338,660,14,13,28,33,7,8,5,2
12377,Stoke,2,1,Aston Villa,55.3,44.7,3,1,11,5,684,586,492,408,10,15,19,32,11,0,2,2
12378,Watford,0,0,Bournemouth,46.9,53.1,1,3,14,11,521,596,313,350,14,20,26,42,4,5,3,3
12380,West Ham,1,0,Sunderland,52.8,47.2,3,4,9,13,625,587,417,377,17,26,24,26,5,6,0,2
12374,Man City,1,2,Spurs,46,54,4,3,19,6,705,788,468,564,26,33,23,34,7,1,4,1
12373,Aston Villa,0,6,Liverpool,39.3,60.7,1,9,6,11,600,811,410,635,19,24,24,17,0,6,0,1
12372,Arsenal,2,1,Leicester,72.1,27.9,6,3,24,7,943,491,671,269,17,37,18,32,11,1,5,2
12366,Chelsea,5,1,Newcastle,54.9,45.1,7,3,14,10,747,643,555,452,21,14,19,16,8,5,2,0
12365,Bournemouth,1,3,Stoke,65.7,34.3,2,6,11,11,731,484,550,290,15,16,8,30,9,2,1,2
12367,Crystal Palace,1,2,Watford,53.9,46.1,5,4,15,10,635,576,384,344,18,30,24,34,8,3,6,0
12368,Everton,0,1,West Brom,75.9,24.1,6,1,33,5,882,448,644,215,14,17,17,64,14,1,1,2
12369,Norwich,2,2,West Ham,48.4,51.6,3,6,13,11,564,629,376,401,21,14,25,23,3,3,3,8
12371,Swansea,0,1,Southampton,54.4,45.6,2,5,13,14,670,610,466,401,11,11,27,58,5,4,0,2
12370,Sunderland,2,1,Man Utd,33.7,66.3,5,6,21,12,465,694,251,501,16,17,46,21,6,8,2,6
12364,Chelsea,1,1,Man Utd,49.3,50.7,5,7,16,17,641,662,413,435,23,20,26,30,10,11,1,1
12363,Bournemouth,0,2,Arsenal,50.7,49.3,4,5,17,10,715,698,485,487,22,19,24,32,7,3,3,6
12359,Southampton,1,0,West Ham,35.2,64.8,2,2,8,18,471,714,280,503,19,19,47,24,4,5,0,3
12355,Aston Villa,2,0,Norwich,48.3,51.7,2,5,10,13,595,605,386,400,16,20,38,27,2,11,1,5
12356,Liverpool,2,2,Sunderland,71.3,28.7,5,2,16,7,889,464,692,282,16,19,10,46,7,2,3,2
12358,Newcastle,1,0,West Brom,68.9,31.1,7,0,19,7,704,415,506,228,13,18,12,29,8,4,1,2
12360,Stoke,0,3,Everton,65.5,34.5,3,6,12,14,813,541,616,326,13,25,7,35,6,4,1,1
12361,Swansea,1,1,Crystal Palace,58.5,41.5,3,2,18,12,717,570,465,336,26,22,35,35,9,5,1,0
12362,Spurs,1,0,Watford,65.9,34.1,8,0,25,3,795,535,555,297,14,23,17,35,15,1,2,3
12357,Man City,1,3,Leicester,65.9,34.1,4,7,22,14,810,512,565,296,14,27,29,27,11,4,1,1
12353,Everton,3,0,Newcastle,55.8,44.2,7,3,18,7,706,586,480,372,30,21,27,18,3,3,0,1
12354,Watford,0,0,Chelsea,45,55,3,4,12,12,673,767,449,555,20,22,21,23,7,7,0,2
12346,Crystal Palace,1,2,Bournemouth,50.6,49.4,3,4,14,8,606,578,384,386,11,16,21,45,5,3,3,0
12348,Man Utd,3,0,Stoke,46.9,53.1,5,0,15,10,642,680,461,519,21,12,27,8,2,5,3,1
12351,West Brom,1,1,Swansea,45.3,54.7,7,4,17,18,599,686,373,481,14,10,17,45,7,7,2,0
12345,Arsenal,0,0,Southampton,66.7,33.3,11,3,22,14,807,527,535,274,23,32,14,31,13,3,0,2
12347,Leicester,2,0,Liverpool,36.1,63.9,6,1,13,14,570,807,325,566,16,30,39,29,3,12,3,2
12349,Norwich,0,3,Spurs,45.8,54.2,3,6,11,17,561,629,355,426,17,24,32,28,6,8,5,0
12350,Sunderland,0,1,Man City,49.6,50.4,3,2,11,7,650,664,411,431,33,21,39,45,8,4,4,2
12352,West Ham,2,0,Aston Villa,68,32,6,2,25,5,857,475,657,303,16,20,19,25,5,5,5,0
12343,Arsenal,0,1,Chelsea,46.6,53.4,1,6,9,12,671,743,466,549,17,23,14,25,6,7,1,7
12344,Everton,1,2,Swansea,59.7,40.3,2,5,20,7,810,620,592,422,16,15,11,37,7,1,2,0
12342,West Ham,2,2,Man City,46.7,53.3,3,3,10,16,626,698,401,474,23,16,24,36,5,2,1,1
12335,Crystal Palace,1,3,Spurs,36.1,63.9,3,11,11,24,516,779,290,533,22,17,24,44,3,10,0,2
12336,Leicester,3,0,Stoke,45.2,54.8,5,2,15,3,586,639,359,441,19,20,19,25,8,4,1,0
12337,Man Utd,0,1,Southampton,55.4,44.6,1,2,8,7,651,579,457,361,9,18,22,28,4,4,2,1
12339,Sunderland,1,1,Bournemouth,42.7,57.3,5,5,10,15,592,752,377,505,20,23,37,35,3,4,2,1
12340,Watford,2,1,Newcastle,51.3,48.7,5,2,13,11,695,632,473,431,31,18,17,17,2,7,1,1
12341,West Brom,0,0,Aston Villa,39.4,60.6,0,4,4,15,492,655,279,445,17,21,34,33,2,6,1,1
12338,Norwich,4,5,Liverpool,47.9,52.1,5,7,6,13,615,655,401,445,20,22,32,31,3,3,1,4
12334,Swansea,1,0,Watford,56.7,43.3,2,2,10,12,763,607,501,378,17,32,57,29,6,3,5,0
12333,Stoke,0,0,Arsenal,45,55,6,3,14,8,594,707,406,495,9,11,18,34,6,6,9,0
12332,Liverpool,0,1,Man Utd,53.3,46.7,4,1,19,7,705,666,491,431,36,26,11,33,5,4,3,0
12325,Aston Villa,1,1,Leicester,56.5,43.5,5,5,14,12,718,597,500,398,18,20,17,33,3,4,1,4
12326,Bournemouth,3,0,Norwich,45.4,54.6,8,3,15,10,580,616,353,418,19,21,26,21,5,3,1,4
12327,Chelsea,3,3,Everton,54.9,45.1,7,4,14,9,765,681,569,477,26,18,15,34,6,4,3,1
12328,Man City,4,0,Crystal Palace,52.8,47.2,4,3,17,9,696,620,490,426,22,24,34,10,5,6,0,1
12329,Newcastle,2,1,West Ham,50.7,49.3,10,3,23,10,671,648,457,436,24,23,21,17,3,3,2,1
12330,Southampton,3,0,West Brom,55.8,44.2,5,0,9,10,646,527,465,355,14,16,34,21,1,3,2,4
12331,Spurs,4,1,Sunderland,66.6,33.4,11,2,26,5,811,501,621,316,18,19,19,33,11,3,1,3
12319,Liverpool,3,3,Arsenal,59.5,40.5,6,5,22,14,762,589,535,378,21,20,20,40,9,3,4,5
12324,Spurs,0,1,Leicester,61.7,38.3,5,2,21,10,707,529,454,293,14,28,37,51,16,8,2,2
12318,Chelsea,2,2,West Brom,61.1,38.9,2,6,14,13,719,519,528,317,13,21,34,18,7,7,1,1
12320,Man City,0,0,Everton,55,45,5,2,22,7,745,659,544,468,16,14,15,35,12,5,3,4
12321,Southampton,2,0,Watford,50.6,49.4,7,1,15,4,672,654,458,465,22,11,30,29,8,1,4,3
12322,Stoke,3,1,Norwich,64.4,35.6,4,2,14,5,800,524,621,348,21,10,13,29,7,3,2,1
12323,Swansea,2,4,Sunderland,51.2,48.8,5,4,10,7,617,594,451,430,11,22,10,33,8,6,2,2
12315,Aston Villa,1,0,Crystal Palace,51.3,48.7,3,1,13,9,642,639,434,427,25,10,26,18,9,0,2,5
12316,Bournemouth,1,3,West Ham,48.7,51.3,4,5,11,10,638,646,413,432,18,21,25,20,4,7,0,4
12317,Newcastle,3,3,Man Utd,54.2,45.8,6,4,14,12,725,647,514,432,27,22,14,27,5,3,3,1
12314,Everton,1,1,Spurs,40.8,59.2,3,4,12,19,632,805,406,599,21,18,33,25,4,4,3,1
12313,Crystal Palace,0,3,Chelsea,39.8,60.2,4,4,8,10,571,785,373,593,17,23,19,21,5,7,0,0
12310,Watford,1,2,Man City,48.5,51.5,4,5,12,16,649,676,410,436,18,28,19,40,4,5,0,1
12305,Arsenal,1,0,Newcastle,51,49,3,6,15,15,677,649,468,454,19,20,13,16,7,4,2,0
12306,Leicester,0,0,Bournemouth,53.5,46.5,2,0,16,9,681,642,479,426,18,24,8,45,7,1,0,2
12307,Man Utd,2,1,Swansea,54.7,45.3,6,4,19,9,708,618,515,430,19,16,7,26,4,2,1,1
12308,Norwich,1,0,Southampton,41.6,58.4,1,4,10,10,547,664,356,494,9,19,47,23,4,9,2,2
12309,Sunderland,3,1,Aston Villa,44.9,55.1,5,3,13,8,571,661,381,470,21,14,33,22,3,3,2,2
12311,West Brom,2,1,Stoke,45.7,54.3,5,3,17,10,537,605,360,429,16,13,16,21,4,6,1,1
12312,West Ham,2,0,Liverpool,35.6,64.4,10,2,18,23,527,739,285,501,22,18,54,19,3,9,1,3
12304,Sunderland,0,1,Liverpool,42.3,57.7,3,6,8,17,556,668,326,465,13,16,46,29,6,4,1,0
12303,Leicester,0,0,Man City,39.3,60.7,4,5,11,21,557,743,329,498,14,18,36,35,1,13,2,1
12295,Arsenal,2,0,Bournemouth,51.4,48.6,6,3,12,10,726,696,530,516,18,20,11,27,9,3,1,1
12298,Man Utd,0,0,Chelsea,66.8,33.2,2,3,12,8,802,507,617,312,21,26,10,29,5,3,2,0
12302,West Ham,2,1,Southampton,49.1,50.9,5,3,13,14,640,638,408,409,23,21,41,27,4,7,1,2
12296,Crystal Palace,0,0,Swansea,53.6,46.4,2,3,10,5,611,556,407,373,12,11,14,39,7,4,4,1
12297,Everton,3,4,Stoke,51.3,48.7,3,5,15,8,684,658,481,472,19,21,17,31,6,2,2,5
12299,Norwich,2,0,Aston Villa,48.2,51.8,4,3,9,6,541,595,361,383,20,20,23,30,3,7,2,0
12300,Watford,1,2,Spurs,37.5,62.5,1,3,9,10,521,735,312,525,15,12,22,30,5,3,2,1
12301,West Brom,1,0,Newcastle,51.7,48.3,5,2,22,7,576,549,343,334,20,15,16,47,18,6,2,1
12291,Southampton,4,0,Arsenal,35.2,64.8,5,5,14,8,489,759,312,571,22,11,22,20,3,4,6,1
12290,Newcastle,0,1,Everton,40.9,59.1,1,7,10,20,552,751,365,517,23,18,28,16,3,7,0,3
12285,Aston Villa,1,1,West Ham,59.1,40.9,8,4,15,10,665,527,431,309,18,21,29,48,9,6,3,1
12286,Bournemouth,0,0,Crystal Palace,55.2,44.8,4,1,10,8,691,592,464,369,26,18,37,28,8,9,2,1
12287,Chelsea,2,2,Watford,62.4,37.6,2,2,17,12,730,517,544,327,21,29,12,22,9,4,2,1
12288,Liverpool,1,0,Leicester,64.8,35.2,5,3,26,7,770,517,518,278,18,21,50,47,7,6,5,1
12289,Man City,4,1,Sunderland,66.4,33.6,9,3,19,11,805,476,615,306,15,20,20,24,5,1,3,1
12293,Swansea,1,0,West Brom,55.5,44.5,2,3,7,9,703,586,513,386,15,14,28,10,0,7,1,2
12294,Spurs,3,0,Norwich,59.8,40.2,10,3,15,11,747,564,533,354,18,18,19,31,9,4,3,8
12292,Stoke,2,0,Man Utd,41.5,58.5,3,6,13,11,541,635,334,453,24,16,27,10,1,12,3,1
12284,Arsenal,2,1,Man City,37.3,62.7,5,6,8,20,609,854,386,648,20,19,29,27,4,8,3,1
12282,Swansea,0,0,West Ham,72.7,27.3,2,2,22,11,891,459,678,239,18,13,21,41,8,9,4,2
12283,Watford,3,0,Liverpool,35.1,64.9,5,4,6,12,474,724,268,500,28,19,23,30,7,9,1,10
12278,Newcastle,1,1,Aston Villa,47.2,52.8,4,7,8,10,594,659,370,414,26,22,32,17,3,7,0,0
12275,Chelsea,3,1,Sunderland,67.2,32.8,7,3,17,11,770,476,577,280,17,27,20,32,2,2,0,3
12276,Everton,2,3,Leicester,67.4,32.6,5,5,13,10,754,505,538,272,13,30,21,33,10,2,2,2
12277,Man Utd,1,2,Norwich,69.2,30.8,2,4,11,6,818,499,605,283,17,15,6,69,11,0,2,1
12279,Southampton,0,2,Spurs,51,49,4,5,11,12,607,611,386,383,24,20,14,23,4,7,5,2
12280,Stoke,1,2,Crystal Palace,58.4,41.6,5,3,26,12,673,533,469,342,17,16,17,26,7,3,0,1
12281,West Brom,1,2,Bournemouth,32.6,67.4,2,6,7,16,417,744,257,552,10,12,18,33,4,8,0,3
12274,Leicester,2,1,Chelsea,34.4,65.6,5,4,9,11,489,768,275,522,26,14,33,32,1,8,0,2
12272,Liverpool,2,2,West Brom,70.4,29.6,8,2,28,4,822,457,642,270,17,9,8,41,4,4,1,1
12273,Spurs,1,2,Newcastle,58.3,41.7,8,4,20,8,707,556,477,335,18,25,28,25,6,2,2,4
12271,Aston Villa,0,2,Arsenal,45.8,54.2,2,4,18,8,608,686,427,522,16,18,17,20,5,5,2,5
12265,Bournemouth,2,1,Man Utd,43.5,56.5,5,5,11,11,597,681,370,474,27,23,39,17,5,7,1,2
12266,Crystal Palace,1,0,Southampton,43.8,56.2,5,3,12,15,518,611,296,397,17,14,40,47,8,5,3,0
12267,Man City,2,1,Swansea,53,47,5,7,13,13,732,669,557,492,15,16,24,16,5,5,3,6
12269,Sunderland,0,1,Watford,48.6,51.4,2,8,14,13,624,660,416,465,8,19,28,28,8,3,3,2
12270,West Ham,0,0,Stoke,46.7,53.3,10,3,24,12,571,610,335,397,15,21,35,23,11,7,1,0
12268,Norwich,1,1,Everton,41.3,58.7,2,3,9,15,565,761,401,573,18,11,35,23,5,4,1,1
12264,Everton,1,1,Crystal Palace,62,38,4,5,19,14,762,573,527,331,24,25,24,40,13,6,0,3
12263,Newcastle,2,0,Liverpool,39.8,60.2,1,1,6,10,586,782,389,574,26,26,22,11,2,7,1,2
12256,Chelsea,0,1,Bournemouth,62.9,37.1,6,5,19,15,771,555,524,323,21,19,20,36,11,4,2,1
12255,Arsenal,3,1,Sunderland,72.5,27.5,7,4,16,11,894,443,713,257,20,13,20,34,3,2,1,1
12257,Man Utd,0,0,West Ham,62.6,37.4,1,2,21,9,718,518,496,302,18,27,11,34,6,2,2,1
12258,Southampton,1,1,Aston Villa,63.1,36.9,5,2,23,9,756,531,539,332,25,12,9,34,10,4,3,0
12260,Swansea,0,3,Leicester,59,41,2,5,10,16,783,572,543,386,20,19,31,22,3,8,2,2
12261,Watford,2,0,Norwich,50.4,49.6,7,1,14,7,594,563,385,373,11,9,37,44,4,1,4,5
12262,West Brom,1,1,Spurs,35.4,64.6,4,4,11,9,485,752,286,559,15,15,15,23,3,6,2,1
12259,Stoke,2,0,Man City,46.5,53.5,4,4,7,11,651,664,413,462,17,27,18,7,1,6,3,0
12251,Liverpool,1,0,Swansea,53.7,46.3,2,0,10,9,752,674,534,449,24,22,27,24,8,7,0,1
12252,Norwich,1,1,Arsenal,36.8,63.2,2,3,7,12,529,813,357,625,16,14,35,22,3,6,3,2
12254,West Ham,1,1,West Brom,60.9,39.1,6,3,17,7,637,479,435,274,20,23,24,25,5,2,0,2
12253,Spurs,0,0,Chelsea,57.7,42.3,4,1,9,5,710,563,497,360,15,23,41,21,4,4,2,4
12248,Leicester,1,1,Man Utd,31.1,68.9,3,2,7,10,482,791,267,593,27,20,26,23,1,8,3,1
12245,Aston Villa,2,3,Watford,65.1,34.9,6,6,12,14,750,464,494,263,9,21,30,35,10,10,3,0
12246,Bournemouth,3,3,Everton,57.3,42.7,10,6,19,11,774,625,542,407,22,24,21,27,10,5,2,0
12247,Crystal Palace,5,1,Newcastle,53.7,46.3,8,2,19,7,670,563,449,394,18,22,17,21,7,5,3,1
12249,Man City,3,1,Southampton,45.9,54.1,9,8,16,12,603,670,390,463,28,18,30,18,6,4,2,6
12250,Sunderland,2,0,Stoke,48.2,51.8,5,3,18,7,602,644,436,476,18,8,14,23,9,5,0,3
12244,Crystal Palace,0,1,Sunderland,66.6,33.4,7,4,19,12,694,481,452,244,15,26,22,66,11,2,1,3
12243,Spurs,4,1,West Ham,55.8,44.2,12,4,22,10,708,618,484,372,21,28,29,26,7,6,3,3
12237,Man City,1,4,Liverpool,58.4,41.6,3,9,11,14,777,618,530,390,16,32,26,28,11,5,1,5
12235,Chelsea,1,0,Norwich,64.4,35.6,7,2,21,4,835,531,606,331,19,26,20,34,6,5,6,3
12236,Everton,4,0,Aston Villa,59.9,40.1,9,3,16,10,783,581,608,403,23,18,13,15,2,3,1,4
12238,Newcastle,0,3,Leicester,54.3,45.7,1,7,9,18,674,608,454,375,20,27,19,16,4,9,1,1
12239,Southampton,0,1,Stoke,58.2,41.8,1,4,15,16,708,585,517,389,16,13,8,38,7,3,0,2
12240,Swansea,2,2,Bournemouth,42.7,57.3,4,4,11,16,618,752,401,535,17,11,39,19,4,5,0,5
12242,West Brom,2,1,Arsenal,27,73,1,3,4,11,429,872,246,684,20,13,28,17,3,5,5,1
12241,Watford,1,2,Man Utd,43.6,56.4,5,6,10,13,623,718,385,499,28,18,32,19,4,10,1,5
12232,Arsenal,1,1,Spurs,54.9,45.1,4,4,10,14,693,613,458,383,35,22,20,35,7,6,1,3
12234,Liverpool,1,2,Crystal Palace,63.8,36.2,4,4,22,9,738,519,499,287,28,25,19,40,14,6,1,2
12233,Aston Villa,0,0,Man City,40.7,59.3,0,3,3,13,583,752,410,578,7,16,30,17,3,8,1,1
12229,Stoke,1,0,Chelsea,36.8,63.2,2,4,8,19,481,676,282,488,15,19,21,12,1,9,3,1
12226,Leicester,2,1,Watford,41.3,58.7,6,4,12,8,578,740,376,556,15,13,23,26,4,2,4,1
12227,Man Utd,2,0,West Brom,67.7,32.3,3,0,13,4,824,495,648,304,15,21,12,27,5,1,1,0
12228,Norwich,1,0,Swansea,32.9,67.1,5,0,9,8,477,852,338,706,11,12,13,15,5,2,3,2
12230,Sunderland,0,1,Southampton,35.8,64.2,3,5,9,14,521,748,314,551,13,14,52,34,3,7,2,5
12231,West Ham,1,1,Everton,50.8,49.2,4,4,16,13,617,601,435,427,18,10,16,24,3,5,2,1
12225,Bournemouth,0,1,Newcastle,67.3,32.7,5,1,20,2,798,505,582,300,22,27,6,36,16,0,4,3
12224,Spurs,3,1,Aston Villa,61.3,38.7,6,2,17,13,754,542,530,325,21,24,31,24,4,3,3,1
12223,Southampton,2,0,Bournemouth,48.5,51.5,2,2,11,16,666,703,479,514,21,18,28,21,4,6,1,1
12222,Everton,6,2,Sunderland,67.4,32.6,8,9,15,17,859,498,687,326,8,19,21,26,6,1,3,2
12216,Crystal Palace,0,0,Man Utd,44.6,55.4,5,1,10,5,549,638,355,456,20,23,13,28,7,3,0,1
12217,Man City,2,1,Norwich,70.8,29.2,5,3,21,5,929,457,722,296,16,15,27,33,12,4,4,0
12218,Newcastle,0,0,Stoke,52.3,47.7,6,2,15,9,591,542,412,388,15,16,10,18,11,4,4,5
12219,Swansea,0,3,Arsenal,54.2,45.8,3,5,7,14,716,655,550,461,9,16,10,19,4,4,5,1
12220,Watford,2,0,West Ham,50.6,49.4,5,3,20,8,594,597,400,397,17,15,25,39,7,2,3,3
12221,West Brom,2,3,Leicester,47.7,52.3,6,5,14,13,565,560,330,370,12,25,27,27,6,4,2,1
12215,Chelsea,1,3,Liverpool,42.6,57.4,2,7,8,16,652,792,418,567,35,27,19,16,1,7,3,2
12212,Liverpool,1,1,Southampton,60.3,39.7,2,3,15,8,815,607,586,383,23,29,24,33,10,7,4,2
12211,Bournemouth,1,5,Spurs,45.8,54.2,3,10,11,15,624,691,401,489,29,24,19,24,4,5,3,5
12213,Man Utd,0,0,Man City,58.7,41.3,1,1,6,6,746,583,543,386,19,28,24,30,6,4,0,0
12214,Sunderland,3,0,Newcastle,39.7,60.3,3,8,9,21,495,647,311,456,14,19,25,9,1,10,0,1
12205,Arsenal,2,1,Everton,56.2,43.8,5,5,20,10,777,626,527,404,20,36,14,21,7,5,0,2
12206,Aston Villa,1,2,Swansea,47.9,52.1,3,4,9,10,573,611,377,419,14,16,18,22,4,6,0,4
12207,Leicester,1,0,Crystal Palace,47.7,52.3,3,4,12,9,633,652,426,456,21,15,38,14,3,2,2,3
12208,Norwich,0,1,West Brom,60.6,39.4,3,4,16,7,673,502,466,316,8,10,45,44,13,3,4,0
12209,Stoke,0,2,Watford,66.2,33.8,0,3,11,13,724,455,526,269,19,20,17,25,11,5,8,0
12210,West Ham,2,1,Chelsea,45.5,54.5,5,4,12,9,561,634,370,457,17,18,21,27,7,4,4,5
12204,Swansea,0,1,Stoke,54.1,45.9,2,2,14,9,765,645,548,472,18,32,21,15,1,2,1,2
12203,Newcastle,6,2,Norwich,44.2,55.8,6,6,11,18,560,661,373,463,13,26,18,24,3,7,3,1
12201,Watford,0,3,Arsenal,33.3,66.7,1,6,8,17,510,857,306,627,25,17,25,31,3,9,1,4
12195,Chelsea,2,0,Aston Villa,49,51,3,1,9,10,634,673,415,424,31,19,24,27,4,4,1,0
12196,Crystal Palace,1,3,West Ham,38.5,61.5,1,4,6,24,524,733,326,516,21,27,14,20,1,9,2,4
12197,Everton,0,3,Man Utd,47.2,52.8,3,7,12,10,656,728,458,524,25,23,21,25,5,3,0,1
12198,Man City,5,1,Bournemouth,54.4,45.6,11,1,16,5,759,631,566,451,14,15,29,14,1,7,2,1
12199,Southampton,2,2,Leicester,50.6,49.4,6,7,14,27,599,580,360,342,15,19,58,15,6,7,1,0
12202,West Brom,1,0,Sunderland,56.2,43.8,2,2,9,9,636,540,452,352,9,24,18,43,1,5,2,5
12200,Spurs,0,0,Liverpool,48.5,51.5,4,3,13,12,687,709,407,441,41,29,36,27,8,6,2,5
12192,Arsenal,3,0,Man Utd,37.8,62.2,5,5,12,9,606,797,389,632,29,22,28,5,3,6,2,3
12194,Swansea,2,2,Spurs,45.6,54.4,2,11,11,19,610,680,404,483,18,17,21,28,5,6,1,0
12193,Everton,1,1,Liverpool,50.9,49.1,4,4,14,13,615,591,388,372,27,27,25,28,5,11,1,0
12187,Chelsea,1,3,Southampton,60.2,39.8,3,5,10,13,734,572,551,360,22,19,12,30,4,6,1,3
12185,Aston Villa,0,1,Stoke,56.3,43.7,2,5,13,12,711,601,478,381,18,27,17,29,9,5,2,2
12186,Bournemouth,1,1,Watford,54.4,45.6,6,2,12,11,718,614,496,421,10,18,22,16,5,3,4,1
12189,Man City,6,1,Newcastle,64.3,35.7,11,4,23,6,770,524,590,335,20,24,13,23,6,3,1,3
12190,Norwich,1,2,Leicester,66.2,33.8,2,5,17,16,745,491,486,254,14,31,44,40,16,8,2,1
12191,Sunderland,2,2,West Ham,44.1,55.9,3,6,12,20,547,643,367,440,25,19,32,12,1,8,2,2
12188,Crystal Palace,2,0,West Brom,60.4,39.6,8,2,21,7,689,496,443,302,16,22,32,35,8,3,3,1
12184,West Brom,2,3,Everton,46,54,4,4,9,12,589,672,397,470,19,17,22,37,6,4,3,2
12183,Watford,0,1,Crystal Palace,55.3,44.7,2,3,15,16,585,512,386,313,14,14,20,50,6,4,0,0
12178,Newcastle,2,2,Chelsea,35.5,64.5,5,4,11,16,516,748,293,532,30,27,25,17,4,6,1,3
12175,Leicester,2,5,Arsenal,42,58,7,12,16,27,590,782,360,532,21,21,20,46,6,5,0,2
12176,Liverpool,3,2,Aston Villa,62.4,37.6,12,4,21,10,762,558,572,343,27,18,8,32,11,1,3,1
12177,Man Utd,3,0,Sunderland,66.2,33.8,7,4,12,9,782,473,604,311,18,23,15,18,5,2,0,0
12179,Southampton,3,1,Swansea,41.5,58.5,6,4,17,11,564,730,380,542,17,7,25,16,4,3,6,3
12180,Stoke,2,1,Bournemouth,43.7,56.3,5,6,8,12,560,676,383,488,15,16,30,18,3,7,2,4
12182,West Ham,2,2,Norwich,42.9,57.1,7,7,19,16,565,675,349,482,17,16,22,36,7,5,3,0
12181,Spurs,4,1,Man City,46,54,8,8,15,22,671,709,407,478,28,18,40,28,5,9,5,3
12172,Liverpool,1,1,Norwich,58.9,41.1,7,2,23,7,787,591,579,399,19,15,14,27,6,2,3,1
12173,Southampton,2,3,Man Utd,40.8,59.2,8,3,15,10,556,742,382,575,21,15,10,31,5,5,1,3
12174,Spurs,1,0,Crystal Palace,57.1,42.9,6,4,21,12,698,569,436,323,32,31,27,35,6,5,3,3
12168,Man City,1,2,West Ham,71.5,28.5,8,3,27,6,905,504,669,279,19,20,17,57,16,3,2,2
12165,Aston Villa,0,1,West Brom,59.8,40.2,3,6,13,10,680,534,451,303,30,15,33,38,2,7,2,1
12166,Bournemouth,2,0,Sunderland,53.1,46.9,5,2,15,9,672,619,463,416,23,25,15,18,7,3,2,4
12169,Newcastle,1,2,Watford,57.6,42.4,5,4,15,13,728,587,493,381,19,29,8,19,5,5,4,1
12170,Stoke,2,2,Leicester,54.1,45.9,4,5,11,12,647,597,432,371,32,15,18,33,3,4,3,1
12171,Swansea,0,0,Everton,47.9,52.1,3,2,12,17,610,648,407,454,21,17,22,14,2,4,3,1
12167,Chelsea,2,0,Arsenal,62.9,37.1,6,2,22,9,816,573,628,360,23,21,16,22,5,5,0,3
12164,West Ham,2,0,Newcastle,39.1,60.9,3,4,17,14,542,697,314,477,18,17,25,21,6,7,0,2
12162,Leicester,3,2,Aston Villa,48.7,51.3,6,4,21,11,646,639,388,416,32,29,15,30,4,5,1,1
12163,Sunderland,0,1,Spurs,43.9,56.1,2,4,12,15,543,646,313,411,22,26,30,31,6,8,2,0
12158,Man Utd,3,1,Liverpool,55.7,44.3,3,4,9,8,775,636,559,446,23,23,25,25,4,4,2,2
12155,Arsenal,2,0,Stoke,67.6,32.4,12,3,29,9,842,496,628,305,18,16,13,31,13,1,3,3
12156,Crystal Palace,0,1,Man City,42.2,57.8,2,7,10,21,570,693,359,498,17,15,29,21,4,4,5,0
12159,Norwich,3,1,Bournemouth,47.7,52.3,4,2,12,7,604,663,432,476,21,13,15,15,4,4,0,2
12160,Watford,1,0,Swansea,39.2,60.8,6,3,17,8,520,705,330,515,17,8,27,39,1,3,0,6
12161,West Brom,0,0,Southampton,35.1,64.9,1,4,8,15,509,816,333,614,20,12,28,20,4,5,1,2
12157,Everton,3,1,Chelsea,38.8,61.2,9,2,14,15,554,749,351,561,23,21,39,12,7,14,0,2
12154,Swansea,2,1,Man Utd,35.5,64.5,4,4,9,11,549,830,365,657,14,15,32,20,0,1,3,1
12153,Southampton,3,0,Norwich,61.1,38.9,8,1,23,6,733,503,533,348,16,14,19,28,6,4,2,0
12152,Spurs,0,0,Everton,49.9,50.1,6,3,20,8,624,644,440,443,25,17,17,19,6,2,3,1
12145,Aston Villa,2,2,Sunderland,62,38,6,3,21,7,772,537,523,329,20,32,27,39,5,4,0,1
12146,Bournemouth,1,1,Leicester,56.1,43.9,2,2,5,4,659,550,435,336,16,30,30,17,4,4,1,1
12147,Chelsea,1,2,Crystal Palace,63.7,36.3,9,5,26,13,781,534,582,321,16,17,19,45,7,7,0,2
12148,Liverpool,0,3,West Ham,62.7,37.3,1,5,13,12,735,516,543,326,12,25,18,25,5,7,1,0
12149,Man City,2,0,Watford,58.7,41.3,5,0,18,7,841,634,645,458,15,30,17,23,9,3,1,1
12151,Stoke,0,1,West Brom,49.1,50.9,5,5,13,15,632,660,446,455,18,19,19,26,6,5,2,3
12150,Newcastle,0,1,Arsenal,26.3,73.7,0,9,1,22,456,969,268,777,21,21,33,14,0,9,2,2
12144,Arsenal,0,0,Liverpool,65.7,34.3,5,8,19,15,928,577,667,351,23,25,26,36,7,8,5,4
12141,Everton,0,2,Man City,45.7,54.3,1,9,10,16,608,682,408,487,21,17,24,21,8,7,3,2
12142,Watford,0,0,Southampton,52,48,0,4,13,14,639,613,431,412,15,14,15,28,5,2,4,2
12143,West Brom,2,3,Chelsea,43.9,56.1,6,5,15,15,543,646,373,496,13,9,15,24,8,7,2,1
12135,Crystal Palace,2,1,Aston Villa,49.9,50.1,6,2,16,11,535,548,357,363,15,13,21,24,6,4,4,0
12136,Leicester,1,1,Spurs,34.8,65.2,2,6,13,19,454,715,265,523,19,11,15,41,2,7,1,0
12138,Norwich,1,1,Stoke,42.6,57.4,7,1,20,6,503,640,326,467,22,15,22,18,9,0,2,4
12139,Sunderland,1,1,Swansea,39.3,60.7,2,9,10,20,490,705,318,494,25,9,17,28,3,4,4,2
12140,West Ham,3,4,Bournemouth,45.8,54.2,4,7,10,15,570,659,373,452,20,17,15,37,5,4,3,1
12137,Man Utd,0,0,Newcastle,69.3,30.7,8,0,20,7,858,496,637,280,17,20,22,35,11,5,4,2
12134,Liverpool,1,0,Bournemouth,54.9,45.1,2,2,18,13,716,612,492,387,24,22,36,23,6,8,1,0
12133,Man City,3,0,Chelsea,49.2,50.8,8,3,18,10,615,644,423,443,17,20,23,25,5,1,1,3
12132,Crystal Palace,1,2,Arsenal,40.8,59.2,4,7,11,20,600,792,376,564,18,27,35,36,6,6,3,2
12127,Sunderland,1,3,Norwich,43.9,56.1,2,6,6,18,575,726,386,490,31,15,20,34,6,6,2,1
12128,Swansea,2,0,Newcastle,65.8,34.2,6,2,19,4,827,496,635,333,19,19,18,18,4,4,3,1
12129,Spurs,2,2,Stoke,53.2,46.8,7,7,13,15,687,634,500,430,16,19,17,15,4,3,3,3
12130,Watford,0,0,West Brom,63.9,36.1,5,0,16,6,721,479,498,285,15,24,20,39,2,4,0,0
12131,West Ham,1,2,Leicester,69.8,30.2,3,5,10,10,756,435,553,242,15,25,22,36,8,4,1,1
12126,Southampton,0,3,Everton,54.4,45.6,4,4,17,10,660,590,458,393,18,14,19,32,9,9,1,2
12125,Aston Villa,0,1,Man Utd,45.6,54.4,1,2,5,9,630,728,441,534,22,24,13,37,3,5,4,3
12124,West Brom,0,3,Man City,30.9,69.1,2,7,9,20,502,921,328,764,17,10,21,21,6,6,2,0
12123,Stoke,0,1,Liverpool,47,53,1,3,7,8,607,676,412,478,25,19,16,33,3,5,3,2
12121,Arsenal,0,2,West Ham,61.8,38.2,6,4,22,8,781,538,556,359,12,21,18,25,5,4,3,1
12122,Newcastle,2,2,Southampton,56.3,43.7,4,4,9,14,698,606,485,389,13,18,24,32,6,6,0,3
12116,Chelsea,2,2,Swansea,52,48,3,10,11,17,635,616,433,399,16,22,14,29,4,8,2,4
12115,Bournemouth,0,1,Aston Villa,58.4,41.6,2,3,11,7,747,604,548,391,14,24,16,39,6,3,0,0
12117,Everton,2,2,Watford,66.6,33.4,5,5,10,11,774,510,558,286,14,25,25,53,8,2,4,1
12118,Leicester,4,2,Sunderland,44,56,8,5,20,11,544,636,342,442,19,19,21,14,6,3,0,1
12120,Norwich,1,3,Crystal Palace,62.9,37.1,6,7,17,11,652,450,470,272,20,14,26,34,1,4,4,2
12119,Man Utd,1,0,Spurs,50,50,1,4,9,9,675,679,487,487,21,26,30,20,1,2,1,2
