MId,Home Team,Home Team Goals,Away Team Goals,Away Team,Home Poss,Away Poss,Home ShotsT,Away ShotsT,Home Shots,Away Shots,Home Touches,Away Touches,Home Passes,Away Passes,Home Tackles,Away Tackles,Home Clearances,Away Clearances,Home Corners,Away Corners,Home Offsides,Away Offsides,HTP,HTR,HTAR,HTMR,HTDR,ATP,ATR,ATAR,ATMR,ATDR
9981,Arsenal,4,1,West Brom,63.7,36.3,13,5,24,14,808,526,637,359,15,20,13,14,7,3,1,3,14,874.199,189.64,303.559,381.0,14,806.07,104.176,367.802,334.092
9982,Aston Villa,0,1,Burnley,63.3,36.7,5,3,17,6,745,486,530,319,9,16,32,32,7,2,1,1,13,804.511,154.0,367.4,283.111,14,779.702,141.558,278.834,359.31
9983,Chelsea,3,1,Sunderland,64.6,35.4,8,9,24,17,803,508,617,342,9,16,9,23,11,3,1,1,14,905.318,125.88,360.724,418.714,12,812.0,228.0,225.0,359.0
9984,Crystal Palace,1,0,Swansea,47.4,52.6,7,2,13,5,566,616,342,389,20,23,23,33,7,3,2,0,14,812.02,103.805,339.215,369.0,14,794.753,146.0,292.753,356.0
9985,Everton,0,1,Spurs,40.4,59.6,1,3,9,16,588,826,409,624,15,15,20,21,3,5,2,4,14,844.816,133.364,336.38,375.072,14,858.412,156.501,383.911,318.0
9986,Hull,0,0,Man Utd,40.9,59.1,6,1,16,7,518,699,336,525,17,17,9,39,8,1,6,0,14,787.8,166.518,353.92,267.362,14,878.625,189.169,371.456,318.0
9987,Leicester,5,1,QPR,45.7,54.3,7,2,22,18,565,628,350,422,16,18,25,25,5,6,3,1,14,786.742,143.834,352.908,290.0,13,781.55,136.0,288.446,357.104
9988,Man City,2,0,Southampton,54.5,45.5,6,4,15,13,670,602,475,393,16,21,29,16,8,4,0,7,14,882.954,195.627,274.835,412.492,13,829.844,227.0,225.844,377.0
9989,Newcastle,2,0,West Ham,40.8,59.2,4,1,17,4,538,687,323,486,25,17,15,31,2,3,1,3,12,819.0,226.0,220.0,373.0,14,799.267,282.708,164.132,352.427
9990,Stoke,6,1,Liverpool,45.5,54.5,9,4,15,13,637,689,431,514,18,20,23,17,3,9,1,1,14,831.668,164.6,288.068,379.0,14,848.5,242.708,290.792,315.0
9980,Arsenal,0,0,Sunderland,75.1,24.9,8,3,28,7,1008,466,798,273,12,20,8,41,5,2,0,1,13,884.144,250.4,247.744,386.0,14,810.664,189.0,260.664,361.0
9979,West Brom,3,0,Chelsea,40.5,59.5,5,3,9,12,580,779,422,623,19,16,23,13,3,4,1,1,14,810.022,73.244,369.778,367.0,14,889.516,138.117,326.736,424.663
9977,Man Utd,1,1,Arsenal,57.4,42.6,4,3,12,5,772,639,560,414,37,17,26,22,5,5,8,2,14,881.498,170.678,393.0,317.82,14,881.469,234.935,274.134,372.4
9978,Swansea,2,4,Man City,47.1,52.9,9,11,13,22,683,732,463,530,20,23,18,14,11,7,0,2,14,818.163,154.298,297.865,366.0,14,887.899,178.536,297.817,411.546
9971,Liverpool,1,3,Crystal Palace,66.3,33.7,3,6,18,15,793,510,586,291,20,20,29,26,4,5,1,3,14,845.598,305.703,227.895,312.0,14,809.596,68.838,371.758,369.0
9970,Burnley,0,0,Stoke,45.7,54.3,4,3,11,11,591,683,368,445,11,24,28,44,7,6,1,3,14,782.212,144.0,281.212,357.0,14,821.955,174.708,278.247,369.0
9972,QPR,2,1,Newcastle,47.5,52.5,4,8,8,22,560,622,315,338,34,30,39,40,3,12,1,1,14,793.378,106.5,326.0,360.878,14,818.265,223.5,242.862,351.903
9974,Sunderland,0,0,Leicester,50.6,49.4,3,0,13,11,542,524,304,290,23,21,37,33,8,9,2,0,14,804.507,222.666,220.665,361.176,13,787.256,143.0,354.256,290.0
9975,Spurs,2,0,Hull,55.7,44.3,3,2,10,14,706,586,524,401,18,19,34,18,6,8,0,5,14,854.167,131.677,330.49,392.0,13,788.156,152.0,341.175,294.981
9976,West Ham,1,2,Everton,45.3,54.7,3,5,13,21,575,660,364,446,15,23,28,39,7,8,2,2,13,801.23,206.238,243.872,351.12,13,845.444,140.684,330.76,374.0
9973,Southampton,6,1,Aston Villa,35.6,64.4,11,4,18,9,460,719,295,547,10,7,29,25,6,3,3,1,14,823.088,222.688,215.0,385.4,14,820.234,107.791,340.931,371.512
9969,Arsenal,0,1,Swansea,67.9,32.1,9,3,23,8,962,555,762,359,16,24,9,18,6,1,1,1,13,880.536,232.36,262.176,386.0,14,823.073,91.706,359.364,372.003
9967,Chelsea,1,1,Liverpool,47.8,52.2,3,4,8,15,606,668,433,468,24,18,13,24,6,4,1,3,14,889.125,74.64,404.819,409.666,14,841.718,351.31,103.408,387.0
9968,Man City,6,0,QPR,59.5,40.5,11,3,23,9,687,519,492,333,15,17,31,17,7,4,1,5,14,880.446,198.3,280.146,402.0,14,797.777,118.23,322.627,356.92
9961,Crystal Palace,1,2,Man Utd,37.5,62.5,4,4,13,13,462,682,267,477,9,26,18,48,7,6,4,1,14,812.855,75.2,365.655,372.0,14,881.529,171.0,393.0,317.529
9960,Aston Villa,1,0,West Ham,58.2,41.8,5,1,14,6,674,518,475,336,10,19,32,43,2,6,1,3,14,821.769,96.403,426.222,299.144,14,797.468,197.943,252.525,347.0
9963,Hull,0,1,Burnley,54.5,45.5,3,2,21,8,631,589,440,379,16,13,24,52,9,3,0,0,14,792.002,177.325,358.899,255.778,13,781.868,142.372,270.08,369.416
9964,Leicester,2,0,Southampton,30.8,69.2,3,3,10,10,487,789,255,585,21,18,36,15,4,8,0,1,14,787.992,133.513,364.479,290.0,13,812.733,117.05,324.683,371.0
9965,Newcastle,1,1,West Brom,60.7,39.3,5,3,15,8,672,523,440,292,24,28,15,42,7,2,0,2,14,819.622,219.077,303.545,297.0,14,811.6,79.433,365.167,367.0
9966,Stoke,3,0,Spurs,45,55,8,3,16,9,546,646,337,431,15,11,41,36,6,8,5,1,14,821.579,171.175,281.404,369.0,13,856.8,185.438,277.362,394.0
9962,Everton,0,2,Sunderland,73,27,4,3,22,10,801,428,595,230,15,25,18,41,15,1,2,1,14,863.641,158.0,313.311,392.33,14,800.514,209.808,229.706,361.0
9959,Hull,1,3,Arsenal,32.3,67.7,1,9,8,22,476,863,315,685,13,17,21,27,0,5,4,1,14,788.9,137.562,351.6,299.738,13,878.756,247.48,245.276,386.0
9958,Spurs,0,1,Man City,55,45,5,4,21,15,728,622,488,399,20,16,33,26,8,7,2,1,14,854.367,181.732,280.635,392.0,14,877.817,185.679,301.725,390.413
9957,Chelsea,1,0,Crystal Palace,61.7,38.3,7,1,17,8,767,546,556,322,24,26,38,27,3,6,1,2,14,915.499,85.0,413.408,417.091,14,806.266,37.421,399.846,368.999
9953,Man Utd,0,1,West Brom,79.7,20.3,9,3,26,6,928,360,720,185,15,13,12,39,9,3,3,0,13,877.475,287.262,369.3,220.913,14,813.398,73.222,372.406,367.77
9950,Aston Villa,3,2,Everton,50.4,49.6,4,5,11,9,624,607,441,429,18,14,22,24,5,3,0,3,14,822.571,81.0,442.471,299.1,13,867.666,156.334,316.332,395.0
9952,Liverpool,2,1,QPR,62.1,37.9,8,2,25,10,690,482,475,284,24,21,31,22,9,6,3,3,14,844.937,360.787,102.175,381.975,13,804.922,91.77,351.652,361.5
9954,Sunderland,2,1,Southampton,43.7,56.3,6,2,12,11,578,673,374,481,19,20,26,12,1,1,3,3,14,798.433,214.88,223.209,360.344,14,825.222,226.0,150.222,449.0
9955,Swansea,2,0,Stoke,47.4,52.6,4,3,17,9,625,641,413,472,12,22,21,25,6,2,1,0,14,824.506,148.824,300.682,375.0,14,819.644,172.714,279.93,367.0
9956,West Ham,1,0,Burnley,60.2,39.8,7,2,29,9,658,524,454,307,5,10,29,43,13,3,2,2,13,794.766,216.494,231.272,347.0,14,779.812,143.512,245.3,391.0
9951,Leicester,3,0,Newcastle,47.9,52.1,7,3,19,12,538,571,301,341,29,19,29,36,10,7,3,1,14,784.042,143.0,351.042,290.0,14,813.51,226.112,167.386,420.012
9949,Leicester,1,3,Chelsea,37.1,62.9,2,4,8,11,540,836,349,609,23,8,34,35,2,6,4,3,14,785.546,132.92,298.291,354.335,14,915.257,85.0,414.232,416.025
9948,Hull,1,0,Liverpool,31.2,68.8,4,9,7,12,467,799,260,591,30,28,22,20,7,7,1,0,14,791.108,152.035,355.377,283.696,14,855.512,263.128,217.708,374.676
9946,Arsenal,0,0,Chelsea,57,43,1,3,11,7,772,627,568,447,16,24,20,40,6,2,0,0,13,879.468,257.808,235.66,386.0,14,917.227,84.5,419.902,412.825
9947,Everton,3,0,Man Utd,34.9,65.1,7,4,9,17,506,795,307,576,23,14,22,22,7,7,1,2,14,866.756,157.824,313.932,395.0,14,868.478,213.978,354.5,300.0
9940,Man City,3,2,Aston Villa,44.9,55.1,4,4,11,13,595,690,428,519,9,13,21,12,7,6,1,6,14,883.872,173.532,308.34,402.0,13,827.554,81.0,443.488,303.066
9938,Burnley,0,1,Leicester,XX-XX-,XX-XX,XX-XX-,-XX-XX,XX-XX-,XX-XX,XX-XX-,XX-XX,XX-XX-,XX-XX,XX-XX-,XX-XX,XX-XX-,XX-XX,XX-XX-,XX-XX,XX-XX-,XX-XX,14,779.778,142.367,280.411,357.0,14,633.828,143.0,274.368,216.46
9939,Crystal Palace,0,2,Hull,46.5,53.5,3,7,7,21,565,616,351,401,18,17,32,33,0,9,5,0,14,810.878,83.731,356.147,371.0,14,790.999,159.73,342.961,288.308
9941,Newcastle,2,3,Swansea,48.2,51.8,4,6,12,11,635,683,410,460,31,20,24,40,9,6,0,3,14,816.432,156.392,306.512,353.528,14,824.106,135.5,310.606,378.0
9942,QPR,0,0,West Ham,53.8,46.2,7,2,18,8,522,514,305,269,14,20,39,71,6,6,3,4,13,804.27,129.08,309.456,365.734,12,793.444,253.619,192.825,347.0
9944,Stoke,1,1,Sunderland,60.5,39.5,8,5,23,15,646,504,415,274,19,18,20,35,9,8,2,1,14,834.056,231.789,220.333,381.934,12,802.5,187.0,254.5,361.0
9945,West Brom,0,0,Liverpool,26.8,73.2,4,4,10,22,441,877,236,673,33,10,38,21,2,4,1,1,14,807.134,124.526,391.608,291.0,13,841.835,317.525,137.31,387.0
9943,Southampton,2,2,Spurs,36.2,63.8,4,2,13,7,532,789,325,603,15,20,24,32,8,3,5,2,14,832.226,151.622,231.604,449.0,14,853.789,162.607,299.714,391.468
9937,Newcastle,1,3,Spurs,38.9,61.1,5,8,11,14,563,780,327,544,44,21,14,20,4,3,1,5,14,812.995,82.853,352.142,378.0,14,854.045,237.262,230.872,385.911
9936,Man City,2,0,West Ham,66.8,33.2,3,3,18,9,850,511,675,336,16,15,20,27,6,3,5,4,14,879.896,160.384,317.512,402.0,13,816.733,223.068,225.665,368.0
9931,Chelsea,1,0,Man Utd,29.6,70.4,2,2,7,15,456,882,283,664,29,21,31,24,3,7,2,3,14,912.992,147.496,278.496,487.0,14,869.224,257.0,313.334,298.89
9932,Crystal Palace,0,2,West Brom,68.1,31.9,4,4,19,8,705,453,460,221,21,24,29,49,7,6,1,2,14,810.556,114.159,361.397,335.0,14,807.578,143.394,365.162,299.022
9933,Everton,1,0,Burnley,65.6,34.4,8,1,21,10,706,447,506,263,14,8,38,36,5,6,1,0,14,865.846,179.76,291.086,395.0,14,781.455,213.656,210.799,357.0
9934,Leicester,2,0,Swansea,41.1,58.9,6,6,18,10,572,752,355,534,32,14,18,45,6,3,0,3,14,788.912,185.194,313.718,290.0,14,827.822,150.332,299.49,378.0
9935,Stoke,2,1,Southampton,48.3,51.7,2,6,15,12,614,653,412,447,14,25,20,29,2,5,3,2,14,834.844,194.344,258.5,382.0,14,835.464,99.288,290.476,445.7
9930,Liverpool,2,0,Newcastle,61.8,38.2,6,3,14,10,759,549,550,329,23,21,23,26,6,6,3,2,13,853.736,188.656,358.08,307.0,14,810.988,156.641,354.347,300.0
9928,Man Utd,4,2,Man City,58.6,41.4,7,3,11,10,764,568,546,385,15,22,34,25,1,5,3,3,14,885.869,177.708,465.994,242.167,14,903.084,174.0,323.584,405.5
9929,QPR,0,1,Chelsea,39.9,60.1,4,1,15,9,527,706,304,470,25,17,45,50,5,6,4,3,14,801.881,141.54,295.516,364.825,14,917.959,116.752,388.382,412.825
9921,Burnley,0,1,Arsenal,31.8,68.2,4,5,8,17,529,917,307,688,15,15,46,36,1,6,3,2,12,782.77,214.0,211.77,357.0,13,879.614,250.822,242.0,386.792
9922,Southampton,2,0,Hull,54,46,4,4,9,15,742,648,550,463,19,20,27,24,2,5,2,0,14,833.754,176.472,284.282,373.0,14,785.644,162.416,296.747,326.481
9923,Sunderland,1,4,Crystal Palace,53.7,46.3,3,5,12,14,615,569,405,355,28,17,18,22,8,4,0,0,13,812.918,228.0,221.918,363.0,14,811.89,85.559,354.942,371.389
9925,Spurs,0,1,Aston Villa,57,43,3,3,14,11,695,553,468,363,19,32,17,20,9,6,5,2,14,838.012,184.569,274.541,378.902,14,825.2,159.694,365.906,299.6
9926,West Brom,2,3,Leicester,45.9,54.1,5,4,8,12,511,577,316,355,16,23,33,26,4,6,0,3,14,809.603,151.313,352.926,305.364,14,786.466,192.903,303.563,290.0
9927,West Ham,1,1,Stoke,35.3,64.7,3,2,11,18,439,632,235,428,15,8,59,23,4,10,2,4,14,816.436,230.981,217.455,368.0,14,832.478,138.547,312.475,381.456
9924,Swansea,1,1,Everton,50.9,49.1,3,8,11,12,625,607,449,440,18,14,18,24,3,6,2,1,13,822.512,148.512,299.0,375.0,14,863.466,150.568,317.898,395.0
9920,Aston Villa,3,3,QPR,63.8,36.2,7,5,21,11,684,496,464,259,15,27,20,64,7,3,4,2,14,827.678,154.0,371.344,302.334,14,799.406,147.0,290.938,361.468
9919,Crystal Palace,2,1,Man City,25.9,74.1,3,4,5,22,448,887,238,667,24,23,34,14,4,13,2,0,14,809.711,72.406,361.347,375.958,14,902.98,234.839,263.141,405.0
9918,Sunderland,1,0,Newcastle,53.2,46.8,4,1,16,10,579,549,346,309,27,20,22,34,8,4,2,1,12,806.667,219.12,224.547,363.0,13,815.991,177.579,338.412,300.0
9917,Burnley,0,0,Spurs,40,60,4,2,15,12,541,750,330,537,20,18,31,32,5,3,4,3,12,781.844,213.844,211.0,357.0,14,840.455,239.0,224.367,377.088
9911,Chelsea,2,1,Stoke,60.5,39.5,10,2,19,7,829,584,635,415,10,18,21,30,9,0,2,1,13,915.1,140.5,362.6,412.0,14,831.133,208.186,233.041,389.906
9912,Everton,1,0,Southampton,45.1,54.9,1,2,10,11,604,681,381,455,15,23,46,25,4,10,0,2,13,860.945,137.542,328.403,395.0,14,837.254,209.758,257.438,370.058
9913,Leicester,2,1,West Ham,49.6,50.4,7,7,20,14,574,605,358,370,14,16,36,56,7,6,3,1,14,786.378,214.0,290.918,281.46,14,817.801,202.039,247.762,368.0
9914,Man Utd,3,1,Aston Villa,76.4,23.6,7,2,20,5,920,412,736,234,16,16,19,35,10,2,0,2,13,888.85,202.254,443.596,243.0,14,823.534,216.488,212.684,394.362
9915,Swansea,3,1,Hull,58.4,41.6,4,1,9,10,794,611,630,433,17,16,28,17,4,7,2,1,14,827.216,155.0,299.082,373.134,14,791.796,177.441,348.229,266.126
9916,West Brom,1,4,QPR,55,45,6,7,21,12,665,587,455,388,13,16,12,50,2,4,3,3,14,812.29,222.5,345.662,244.128,14,813.465,135.31,308.689,369.466
9910,Arsenal,4,1,Liverpool,48.6,51.4,10,2,16,13,694,722,479,509,24,25,19,22,6,5,4,3,14,873.031,249.488,239.823,383.72,12,865.5,203.5,352.0,310.0
9907,Hull,2,3,Chelsea,42.9,57.1,8,3,19,8,597,751,407,542,26,21,25,36,6,6,5,1,14,795.223,227.553,222.77,344.9,14,915.354,111.213,383.816,420.325
9909,QPR,1,2,Everton,52.3,47.7,1,3,14,8,677,654,413,391,22,21,40,71,1,3,4,5,14,811.356,147.712,293.644,370.0,13,860.488,155.488,310.0,395.0
9908,Liverpool,1,2,Man Utd,41.7,58.3,1,4,7,6,602,774,407,569,13,28,21,28,2,3,0,3,13,863.767,337.86,212.907,313.0,14,889.138,210.773,435.496,242.869
9906,West Ham,1,0,Sunderland,53.9,46.1,4,3,15,7,610,542,365,330,10,22,46,46,6,4,1,1,14,816.947,250.175,273.772,293.0,14,812.102,213.416,231.553,367.133
9900,Aston Villa,0,1,Swansea,42.6,57.4,3,6,12,9,539,691,360,494,17,14,15,21,4,9,1,7,14,819.898,152.664,297.234,370.0,14,826.225,133.261,320.964,372.0
9902,Newcastle,1,2,Arsenal,50.9,49.1,4,3,16,7,690,706,450,441,26,32,21,36,9,4,3,4,13,817.701,150.649,367.052,300.0,14,866.725,241.087,239.89,385.748
9903,Southampton,2,0,Burnley,60.2,39.8,3,3,20,15,725,541,554,360,10,12,16,33,10,5,1,0,13,839.78,153.0,309.0,377.78,14,781.468,207.416,217.052,357.0
9904,Stoke,1,2,Crystal Palace,56.9,43.1,4,3,17,12,621,522,426,331,16,15,21,35,8,4,0,0,12,836.202,297.892,159.31,379.0,14,810.357,78.793,359.786,371.778
9905,Spurs,4,3,Leicester,65.8,34.2,4,5,10,14,826,536,573,284,24,32,36,32,4,4,1,3,14,845.176,188.124,271.788,385.264,14,785.824,214.0,222.524,349.3
9901,Man City,3,0,West Brom,77.6,22.4,16,0,43,3,963,386,761,221,13,19,12,32,9,2,2,3,14,887.582,269.084,209.498,409.0,13,809.792,149.956,292.836,367.0
9899,Swansea,0,1,Liverpool,46.3,53.7,3,5,10,16,702,772,483,566,19,27,15,25,4,5,1,0,14,826.09,154.901,299.189,372.0,13,867.266,341.447,211.169,314.65
9897,Everton,3,0,Newcastle,54.1,45.9,9,4,15,12,729,622,486,400,22,25,57,27,3,4,0,0,14,859.224,155.644,309.58,394.0,14,816.727,163.108,275.619,378.0
9898,Man Utd,3,0,Spurs,51.6,48.4,3,1,11,5,711,681,508,476,32,20,25,21,4,2,5,4,14,881.859,173.964,463.387,244.508,14,853.847,169.516,293.331,391.0
9896,Chelsea,1,1,Southampton,60.9,39.1,7,5,22,12,825,656,605,393,14,32,21,47,9,2,2,4,14,917.822,168.644,337.178,412.0,14,843.39,107.306,354.084,382.0
9891,Burnley,1,0,Man City,29.8,70.2,4,5,10,22,516,911,290,686,13,23,58,28,2,6,2,0,13,782.77,211.69,211.0,360.08,14,908.732,255.332,244.4,409.0
9890,Arsenal,3,0,West Ham,67.9,32.1,9,1,19,7,797,502,590,272,16,18,16,52,7,5,3,3,14,876.196,197.976,288.22,390.0,13,823.089,223.0,378.089,222.0
9893,Leicester,0,0,Hull,51.3,48.7,3,5,14,12,611,580,395,385,22,17,33,35,7,5,0,0,14,785.064,147.757,291.984,345.323,14,800.122,219.067,237.717,343.338
9894,Sunderland,0,4,Aston Villa,40.4,59.6,2,8,12,14,553,749,368,556,30,17,11,17,2,5,2,0,13,818.032,191.532,258.5,368.0,14,822.066,156.588,315.864,349.614
9895,West Brom,1,0,Stoke,43.2,56.8,5,2,14,9,507,591,287,386,17,28,33,33,7,5,1,3,14,815.349,225.0,294.781,295.568,14,828.92,174.788,276.632,377.5
9892,Crystal Palace,3,1,QPR,43.5,56.5,4,4,15,11,529,623,282,382,22,18,46,35,6,3,5,0,14,807.176,97.616,312.87,396.69,14,799.205,158.304,283.901,357.0
9889,QPR,1,2,Spurs,37.5,62.5,6,6,17,13,498,714,266,454,27,24,39,47,3,5,3,3,14,807.961,148.298,230.488,429.175,14,849.38,158.196,301.184,390.0
9882,Liverpool,2,0,Burnley,63.1,36.9,8,1,20,9,891,580,677,387,9,27,31,31,6,5,0,1,14,870.834,319.362,219.069,332.403,14,782.493,144.759,280.734,357.0
9883,Man City,2,0,Leicester,69.5,30.5,9,2,22,6,906,513,700,311,18,18,23,32,10,3,4,3,14,892.96,227.962,266.998,398.0,14,786.465,108.501,271.92,406.044
9884,Newcastle,0,1,Man Utd,32.4,67.6,2,5,9,11,467,789,257,554,30,15,24,38,4,1,1,6,14,807.944,226.344,223.894,357.706,14,882.272,149.325,412.816,320.131
9885,QPR,1,2,Arsenal,43.2,56.8,3,9,10,20,620,811,386,520,18,20,22,69,1,6,5,2,14,785.189,147.0,274.014,364.175,14,875.869,329.218,162.706,383.945
9886,Stoke,2,0,Everton,43.7,56.3,3,5,11,10,602,709,365,472,26,16,35,31,5,6,0,1,14,823.19,156.289,293.712,373.189,14,847.647,175.38,292.267,380.0
9887,Spurs,3,2,Swansea,61,39,7,5,20,10,839,622,631,408,20,16,21,42,6,4,2,6,14,850.468,160.156,299.445,390.867,13,822.91,151.532,299.378,372.0
9888,West Ham,0,1,Chelsea,44.9,55.1,5,3,18,12,564,649,331,429,15,16,49,68,5,4,4,1,13,811.221,298.0,147.132,366.089,14,911.459,155.863,268.596,487.0
9879,Aston Villa,2,1,West Brom,58.2,41.8,8,1,16,3,701,534,506,348,14,15,46,28,0,3,3,2,14,821.392,154.0,285.168,382.224,12,816.781,148.0,371.781,297.0
9880,Hull,1,1,Sunderland,41.5,58.5,5,3,14,9,518,665,317,475,17,14,29,29,6,4,2,1,12,794.0,152.0,290.0,352.0,14,815.6,150.356,295.622,369.622
9881,Southampton,1,0,Crystal Palace,62.2,37.8,3,3,23,9,752,550,491,297,25,23,29,47,10,2,0,0,14,834.443,150.778,307.665,376.0,12,809.732,75.623,363.109,371.0
9877,Arsenal,2,0,Everton,47.2,52.8,4,2,17,8,633,658,398,444,27,14,45,21,8,9,2,1,14,869.914,260.694,227.428,381.792,14,849.609,168.944,300.665,380.0
9878,Liverpool,2,1,Man City,48,52,5,1,11,8,673,707,481,524,24,22,26,15,3,0,3,6,13,866.624,254.948,293.67,318.006,14,912.626,238.225,265.401,409.0
9871,Burnley,0,1,Swansea,46.5,53.5,6,2,13,9,567,637,356,423,18,20,30,33,6,4,2,2,13,783.592,156.449,270.143,357.0,14,820.871,77.803,370.254,372.814
9872,Man Utd,2,0,Sunderland,73.4,26.6,10,3,30,5,830,416,625,235,16,22,9,33,13,1,1,2,14,886.76,193.472,372.288,321.0,14,810.596,138.608,285.3,386.688
9873,Newcastle,1,0,Aston Villa,49.5,50.5,5,3,14,14,595,571,354,365,16,17,43,35,9,5,0,3,14,805.953,226.189,203.798,375.966,14,821.356,154.0,295.534,371.822
9874,Stoke,1,0,Hull,57.9,42.1,2,0,17,1,667,499,476,357,10,24,23,21,5,2,1,0,13,824.778,194.278,256.5,374.0,14,794.713,160.733,352.98,281.0
9875,West Brom,1,0,Southampton,35.7,64.3,3,2,7,12,487,716,302,541,13,20,28,11,2,3,2,2,14,817.846,134.156,386.69,297.0,14,838.01,90.528,350.91,396.572
9876,West Ham,1,3,Crystal Palace,66.4,33.6,5,5,22,12,631,436,428,215,15,23,29,54,11,7,0,6,12,815.712,223.0,225.712,367.0,14,810.665,84.8,354.865,371.0
9869,Southampton,0,2,Liverpool,59.7,40.3,5,4,13,6,736,569,543,377,16,18,4,36,6,1,1,2,14,817.502,185.484,270.018,362.0,14,859.268,242.933,291.81,324.525
9868,Everton,2,2,Leicester,58,42,3,4,18,15,760,583,546,388,21,20,35,19,4,7,1,1,14,860.613,199.402,266.211,395.0,14,787.258,116.851,239.407,431.0
9870,Spurs,2,2,West Ham,64.8,35.2,8,5,27,12,758,514,519,268,28,24,24,48,7,9,2,4,14,850.609,145.307,314.302,391.0,13,816.024,227.799,221.225,367.0
9865,Man City,5,0,Newcastle,56.9,43.1,9,1,16,8,785,640,604,448,28,21,22,17,7,3,1,2,14,906.388,225.074,272.314,409.0,14,818.603,227.0,217.236,374.367
9861,Aston Villa,1,2,Stoke,52.2,47.8,2,6,3,11,558,558,393,365,11,11,22,45,11,3,1,5,13,827.644,179.988,305.747,341.909,13,825.428,228.7,223.3,373.428
9862,Chelsea,1,1,Burnley,61,39,5,5,14,10,815,590,585,371,28,22,44,36,7,7,3,2,14,912.576,155.94,354.2,402.436,12,782.878,152.54,273.338,357.0
9863,Crystal Palace,1,2,Arsenal,52.9,47.1,3,4,22,12,636,655,366,365,21,21,20,76,10,1,3,3,14,804.502,122.969,309.533,372.0,14,877.832,316.832,159.065,401.935
9864,Hull,2,1,QPR,54.3,45.7,6,3,16,8,586,527,388,324,18,12,42,32,5,7,8,3,14,798.199,208.654,336.082,253.463,14,788.723,126.603,296.943,365.177
9866,Sunderland,0,0,West Brom,61.9,38.1,2,1,13,5,662,491,456,278,15,21,25,40,11,2,3,2,14,821.2,169.032,282.212,369.956,13,815.578,148.0,370.578,297.0
9867,Swansea,2,1,Man Utd,36,64,6,3,11,18,522,789,333,585,12,10,32,25,4,10,3,1,13,826.458,141.116,312.528,372.814,14,880.568,256.0,302.768,321.8
9856,Crystal Palace,1,1,Newcastle,53.5,46.5,3,1,7,5,647,586,417,369,27,18,30,38,5,2,6,0,14,805.131,143.643,311.3,350.188,14,826.978,217.551,231.435,377.992
9860,West Brom,2,0,Swansea,35.6,64.4,4,3,12,10,484,738,299,552,21,12,28,24,5,4,0,1,13,815.891,176.259,342.632,297.0,13,822.989,99.703,351.286,372.0
9855,Chelsea,1,0,Everton,56.1,43.9,7,4,21,7,709,609,505,417,11,24,12,47,10,2,2,1,14,903.667,81.11,416.666,405.891,14,850.5,220.116,247.384,383.0
9857,Man Utd,3,1,Burnley,57.3,42.7,7,3,11,13,729,569,511,369,15,19,48,35,5,8,2,0,14,874.44,338.44,154.0,382.0,13,783.715,147.839,278.876,357.0
9858,Southampton,0,0,West Ham,66.8,33.2,7,1,21,4,706,450,519,257,13,17,13,34,8,2,3,0,14,821.06,103.344,342.716,375.0,14,815.545,237.145,264.5,313.9
9859,Stoke,1,4,Man City,50.9,49.1,5,8,16,14,665,646,454,451,11,22,22,25,3,2,3,4,14,835.548,233.0,227.548,375.0,14,901.004,163.587,328.417,409.0
9853,Liverpool,3,2,Spurs,49.4,50.6,7,5,16,14,599,603,406,411,16,24,21,22,5,7,1,1,14,850.614,221.854,296.484,332.276,14,855.898,174.631,290.267,391.0
9851,Arsenal,2,1,Leicester,57.1,42.9,7,4,17,11,767,604,564,405,15,22,36,12,6,6,1,2,13,876.158,270.52,219.638,386.0,14,785.732,83.424,279.096,423.212
9852,Hull,2,0,Aston Villa,37.8,62.2,4,4,10,11,503,671,303,496,14,14,49,18,3,7,1,1,14,795.629,152.87,361.759,281.0,13,816.344,150.0,294.344,372.0
9854,Sunderland,0,2,QPR,52.7,47.3,6,4,18,19,692,659,465,435,18,28,11,36,8,4,2,2,14,813.356,152.356,294.0,367.0,14,805.272,82.692,355.78,366.8
9850,West Ham,1,1,Man Utd,41.2,58.8,6,6,13,18,520,647,285,414,18,20,49,48,9,9,3,2,12,817.0,292.975,232.025,292.0,13,895.258,342.0,234.4,318.858
9849,Newcastle,1,1,Stoke,41.9,58.1,3,3,9,7,539,646,318,440,12,20,43,26,5,8,2,1,14,817.227,171.406,270.821,375.0,13,825.955,232.089,220.0,373.866
9848,Burnley,2,2,West Brom,56,44,5,5,12,12,709,567,461,360,16,12,62,41,5,6,3,2,12,782.0,144.0,281.0,357.0,14,815.889,187.3,331.589,297.0
9842,Everton,0,0,Liverpool,45.6,54.4,1,6,6,17,667,741,461,552,26,20,29,22,3,6,5,2,14,844.49,156.112,308.122,380.256,14,842.556,225.022,304.534,313.0
9841,Aston Villa,1,2,Chelsea,51,49,1,5,8,12,698,668,500,501,13,16,30,35,7,7,2,4,14,816.418,139.849,304.569,372.0,14,912.421,151.679,348.742,412.0
9843,Leicester,0,1,Crystal Palace,62.2,37.8,5,2,19,14,717,550,486,295,17,24,17,68,8,6,0,4,14,781.513,152.962,283.335,345.216,14,802.468,96.057,336.911,369.5
9844,Man City,1,1,Hull,73.6,26.4,5,3,18,7,892,452,690,253,11,20,17,55,13,1,3,1,14,908.364,233.771,265.593,409.0,14,791.071,130.136,361.759,299.176
9845,QPR,0,1,Southampton,45.9,54.1,3,5,12,16,609,671,382,451,20,21,42,39,3,4,2,3,14,810.612,154.4,227.928,428.284,14,825.408,151.0,303.165,371.243
9846,Swansea,1,1,Sunderland,59.6,40.4,7,1,16,4,716,535,526,369,16,15,13,24,7,1,1,2,14,816.902,85.906,357.972,373.024,13,807.936,150.936,290.0,367.0
9847,Spurs,2,1,Arsenal,56,44,8,3,23,7,722,619,482,386,21,20,30,39,10,3,6,3,14,856.371,160.869,304.502,391.0,14,870.826,317.406,166.815,386.605
9840,Southampton,0,1,Swansea,63.2,36.8,6,1,15,6,841,607,648,402,13,13,6,45,9,0,0,3,13,825.671,151.671,298.0,376.0,14,791.327,89.282,328.964,373.081
9839,Arsenal,5,0,Aston Villa,48,52,8,2,13,9,706,719,508,549,16,18,25,18,7,7,3,0,14,867.442,251.0,218.232,398.21,14,825.575,154.0,372.575,299.0
9831,Chelsea,1,1,Man City,42.8,57.2,2,5,3,9,616,773,416,544,29,27,21,19,1,8,2,3,14,905.004,170.795,325.536,408.673,14,895.887,174.623,316.264,405.0
9832,Crystal Palace,0,1,Everton,54.1,45.9,3,2,13,14,676,634,441,390,21,24,28,50,6,1,0,0,14,802.09,161.272,290.112,350.706,13,853.152,156.836,290.48,405.836
9834,Liverpool,2,0,West Ham,66.1,33.9,7,2,21,7,779,483,542,268,26,23,44,25,5,7,1,1,13,870.02,254.052,302.968,313.0,14,828.488,301.2,231.0,296.288
9835,Man Utd,3,1,Leicester,71.4,28.6,5,1,12,4,891,451,679,261,14,27,43,20,4,3,3,1,14,886.644,331.28,222.48,332.884,14,780.756,157.675,267.081,356.0
9836,Stoke,3,1,QPR,51.5,48.5,3,4,15,14,587,547,368,352,22,23,29,36,3,5,5,2,14,827.102,162.8,288.5,375.802,14,811.27,112.0,334.268,365.002
9837,Sunderland,2,0,Burnley,49.7,50.3,3,4,8,13,629,644,425,420,16,21,34,36,6,3,3,3,14,808.02,151.02,290.0,367.0,14,778.424,142.39,279.034,357.0
9838,West Brom,0,3,Spurs,37.2,62.8,4,4,13,14,531,815,346,615,27,16,12,31,6,3,2,1,14,809.177,169.975,293.246,345.956,14,864.934,239.022,229.912,396.0
9833,Hull,0,3,Newcastle,52.7,47.3,8,5,13,12,685,689,488,449,26,19,17,39,3,3,4,0,14,805.842,231.15,278.521,296.171,14,819.093,150.356,293.737,375.0
9830,Everton,0,0,West Brom,XX-XX-,XX-XX,XX-XX-,-XX-XX,XX-XX-,XX-XX,XX-XX-,XX-XX,XX-XX-,XX-XX,XX-XX-,XX-XX,XX-XX-,XX-XX,XX-XX-,XX-XX,XX-XX-,XX-XX,13,849.866,243.272,183.094,423.5,14,753.168,150.566,288.506,314.096
9828,Man City,0,2,Arsenal,64.7,35.3,4,3,12,9,858,645,634,360,28,22,12,50,16,3,2,0,14,896.712,227.448,260.264,409.0,14,870.529,186.36,293.01,391.159
9829,West Ham,3,0,Hull,54.1,45.9,6,3,17,9,739,649,502,430,18,20,30,53,4,7,1,2,14,824.924,303.0,166.856,355.068,14,790.3,84.8,395.5,310.0
9824,Newcastle,1,2,Southampton,58,42,3,3,16,5,786,634,543,406,24,37,17,33,9,0,1,3,14,818.603,167.568,280.48,370.555,14,822.088,151.666,286.993,383.429
9821,Aston Villa,0,2,Liverpool,48.5,51.5,4,5,15,12,628,685,421,465,20,21,15,42,9,5,1,5,13,822.0,179.112,273.888,369.0,14,863.807,232.731,302.251,328.825
9822,Burnley,2,3,Crystal Palace,50.8,49.2,4,4,8,11,601,600,376,361,26,9,46,64,5,7,0,1,14,782.474,144.726,280.748,357.0,14,802.456,140.244,291.446,370.766
9823,Leicester,0,1,Stoke,43.2,56.8,3,3,7,13,542,703,336,465,27,17,35,43,6,5,0,3,14,763.834,142.256,275.578,346.0,13,829.856,167.6,286.0,376.256
9825,QPR,0,2,Man Utd,38.3,61.7,4,7,18,12,580,815,358,595,20,19,41,41,3,3,1,2,14,805.999,156.546,285.453,364.0,14,893.465,323.722,277.369,292.374
9826,Swansea,0,5,Chelsea,45.4,54.6,0,11,11,21,675,750,496,596,21,12,29,10,1,2,0,3,14,806.928,252.945,183.983,370.0,14,916.297,168.165,324.496,423.636
9827,Spurs,2,1,Sunderland,64.8,35.2,7,4,26,8,764,515,567,311,21,13,16,42,6,6,3,4,14,860.887,240.416,229.471,391.0,14,815.977,153.218,225.759,437.0
9820,Man Utd,0,1,Southampton,60.5,39.5,0,1,10,9,770,556,568,372,18,13,26,32,3,5,2,2,14,889.578,296.63,278.838,314.11,14,838.1,151.0,308.168,378.932
9819,Arsenal,3,0,Stoke,53.8,46.2,6,2,14,7,713,621,496,427,22,25,21,22,9,1,4,2,14,872.35,246.134,238.488,387.728,14,836.055,195.055,259.5,381.5
9813,Crystal Palace,2,1,Spurs,41.6,58.4,7,5,21,9,607,745,371,535,30,18,38,31,4,6,4,1,14,800.501,163.829,265.672,371.0,13,863.433,173.193,294.24,396.0
9811,Burnley,2,1,QPR,44.8,55.2,7,7,18,17,517,621,314,392,15,15,27,44,10,6,1,2,12,781.0,144.0,280.0,357.0,14,815.301,183.166,266.3,365.835
9812,Chelsea,2,0,Newcastle,63,37,5,5,9,11,812,547,602,343,24,26,29,20,7,4,7,0,14,911.299,158.417,347.882,405.0,13,820.865,149.665,298.2,373.0
9814,Everton,1,1,Man City,38.2,61.8,4,2,11,18,551,741,330,542,16,26,37,25,4,9,3,1,12,853.288,234.0,230.288,389.0,14,894.436,169.536,322.042,402.858
9815,Leicester,1,0,Aston Villa,37.6,62.4,3,1,11,12,533,762,308,527,21,20,36,37,6,6,2,6,14,764.334,143.4,274.934,346.0,14,821.543,168.6,281.746,371.197
9817,Swansea,1,1,West Ham,60.8,39.2,3,5,19,11,822,582,628,388,13,18,35,25,4,5,2,1,14,816.512,175.569,265.943,375.0,13,817.843,280.5,96.343,441.0
9818,West Brom,1,0,Hull,51.5,48.5,3,2,9,12,665,644,494,455,16,15,20,39,5,2,2,2,13,816.965,212.421,305.544,299.0,14,785.13,58.4,402.741,323.989
9816,Sunderland,0,1,Liverpool,47.4,52.6,1,4,5,21,632,704,447,508,13,26,14,28,6,6,2,0,14,804.384,71.712,362.46,370.212,13,857.28,189.78,315.0,352.5
9809,Spurs,5,3,Chelsea,46.2,53.8,8,7,11,19,655,715,425,499,30,29,33,14,5,3,1,0,14,860.243,181.093,283.306,395.844,13,915.5,127.0,362.1,426.4
9801,Aston Villa,0,0,Crystal Palace,69.2,30.8,3,0,14,6,784,462,601,271,25,22,14,37,5,2,1,3,14,820.679,221.306,155.538,443.835,13,808.826,22.84,344.986,441.0
9802,Hull,2,0,Everton,44.5,55.5,5,3,14,9,554,640,331,424,30,12,44,31,4,8,2,1,14,787.878,184.5,250.5,352.878,13,848.0,270.0,155.5,422.5
9803,Liverpool,2,2,Leicester,58.8,41.2,6,3,18,16,687,541,481,332,22,19,37,21,4,5,2,1,14,849.687,307.311,232.376,310.0,14,763.317,112.32,302.997,348.0
9804,Man City,3,2,Sunderland,63.8,36.2,12,4,32,4,853,554,655,373,15,20,23,16,10,4,1,3,14,891.649,150.018,340.263,401.368,14,805.806,72.0,368.072,365.734
9805,Newcastle,3,3,Burnley,51.5,48.5,4,4,10,15,640,609,408,392,18,25,47,47,5,5,0,0,14,802.719,217.229,209.386,376.104,13,779.044,144.0,281.288,353.756
9806,QPR,1,1,Swansea,41.4,58.6,6,6,24,25,572,767,365,512,18,12,28,43,4,9,3,3,12,806.156,141.54,299.616,365.0,13,826.968,178.61,273.358,375.0
9807,Southampton,2,0,Arsenal,41.5,58.5,6,6,13,11,579,771,395,557,21,14,35,11,2,7,1,1,14,831.024,155.256,296.19,379.578,13,874.989,165.0,264.64,445.349
9810,West Ham,1,1,West Brom,45.8,54.2,3,3,8,14,623,660,398,487,18,17,41,27,0,1,6,0,14,820.198,225.198,227.0,368.0,14,808.804,150.378,293.256,365.17
9808,Stoke,1,1,Man Utd,34.1,65.9,2,2,9,6,447,726,250,507,24,12,25,48,11,7,2,2,12,832.3,239.0,214.3,379.0,14,891.643,317.146,188.48,386.017
9800,Liverpool,4,1,Swansea,43.5,56.5,11,4,21,11,658,803,473,612,21,9,21,20,6,3,2,1,14,861.537,231.305,248.232,382.0,14,826.0,157.756,297.744,370.5
9794,Newcastle,3,2,Everton,53,47,6,2,13,9,636,608,456,415,20,13,16,43,8,3,2,2,13,811.924,226.055,225.869,360.0,14,821.444,115.8,255.644,450.0
9791,Aston Villa,0,0,Sunderland,48.1,51.9,2,3,14,14,674,714,466,510,23,11,43,27,4,4,0,4,14,829.245,154.0,272.866,402.379,14,807.67,148.0,303.379,356.291
9792,Hull,0,1,Leicester,62,38,5,2,18,4,818,595,577,367,23,25,34,46,7,1,2,1,14,783.656,146.622,332.46,304.574,14,768.967,142.444,265.753,360.77
9793,Man City,2,2,Burnley,62.3,37.7,6,3,17,12,760,569,567,348,21,12,28,45,10,3,3,3,14,888.524,112.191,374.333,402.0,11,781.0,144.0,280.0,357.0
9795,QPR,0,0,Crystal Palace,53.9,46.1,3,3,11,10,619,586,380,339,29,19,31,63,9,4,1,0,13,802.334,135.31,302.024,365.0,12,809.976,17.92,424.056,368.0
9797,Stoke,2,0,West Brom,50.6,49.4,3,4,13,15,602,591,403,396,14,14,35,16,5,3,4,4,14,841.101,279.56,178.509,383.032,14,803.776,150.8,278.372,374.604
9799,West Ham,1,2,Arsenal,57.8,42.2,4,7,14,21,621,547,385,295,18,25,37,54,7,8,2,1,14,824.534,235.908,283.316,305.31,13,875.736,158.632,313.0,404.104
9796,Southampton,1,1,Chelsea,39.3,60.7,1,1,9,7,581,792,380,568,24,15,41,13,4,6,1,3,14,826.486,114.288,347.576,364.622,14,913.691,100.075,361.116,452.5
9798,Spurs,0,0,Man Utd,48.4,51.6,4,5,9,9,614,629,374,397,26,27,27,35,3,6,1,6,13,854.732,160.0,300.732,394.0,14,882.184,342.0,197.0,343.184
9781,Arsenal,2,1,QPR,55.9,44.1,5,2,15,16,750,607,539,422,15,26,19,20,6,2,3,0,13,876.31,315.044,161.65,399.616,14,813.421,91.77,299.11,422.541
9782,Burnley,0,1,Liverpool,47.6,52.4,0,3,16,10,683,754,451,529,15,27,29,56,8,2,0,4,14,781.603,144.759,279.844,357.0,14,853.086,303.866,236.0,313.22
9784,Crystal Palace,1,3,Southampton,42.9,57.1,4,6,12,13,569,738,374,520,13,23,20,47,8,4,2,2,14,807.579,70.467,354.512,382.6,14,831.272,152.78,231.0,447.492
9785,Everton,0,1,Stoke,61.9,38.1,5,2,16,12,756,564,548,333,14,20,22,53,9,3,3,3,14,856.874,234.0,233.874,389.0,14,834.392,226.716,228.676,379.0
9786,Leicester,1,2,Spurs,49.6,50.4,6,3,22,8,645,681,419,457,21,20,30,44,11,1,0,3,14,765.489,143.833,280.96,340.696,14,860.167,183.767,280.4,396.0
9787,Man Utd,3,1,Newcastle,61.9,38.1,4,4,9,8,741,524,570,346,18,13,23,23,4,5,4,1,14,874.441,336.44,226.565,311.436,14,799.988,207.903,244.7,347.385
9788,Sunderland,1,3,Hull,47.6,52.4,3,5,12,13,622,719,446,500,17,14,19,41,10,4,0,0,14,809.976,76.0,353.164,380.812,14,782.87,146.958,280.438,355.474
9789,Swansea,1,0,Aston Villa,43.4,56.6,2,3,7,11,616,773,462,602,9,20,26,22,4,0,3,2,14,828.382,157.803,295.579,375.0,13,831.424,190.5,226.424,414.5
9790,West Brom,1,3,Man City,47.9,52.1,6,5,18,9,660,712,459,513,16,21,17,25,10,6,4,4,14,802.098,169.2,222.733,410.165,14,884.193,60.9,401.893,421.4
9783,Chelsea,2,0,West Ham,64.7,35.3,9,0,28,6,792,508,577,300,21,15,19,31,8,6,1,2,14,918.488,162.448,344.04,412.0,14,817.822,287.752,162.07,368.0
9780,Stoke,0,2,Chelsea,50.9,49.1,2,6,13,15,673,695,441,451,17,37,20,38,6,5,1,2,14,832.543,241.64,157.959,432.944,14,913.714,85.0,406.898,421.816
9778,Liverpool,2,2,Arsenal,63.5,36.5,10,3,27,7,835,570,610,345,32,25,23,21,10,6,0,1,13,847.366,325.95,222.116,299.3,14,871.194,235.88,244.675,390.639
9779,Newcastle,0,1,Sunderland,51.8,48.2,7,3,15,16,606,584,400,381,15,29,16,21,7,1,1,4,14,799.794,183.155,254.639,362.0,14,807.87,140.8,300.07,367.0
9771,Aston Villa,1,1,Man Utd,35.3,64.7,4,9,10,16,496,751,329,588,9,10,32,9,3,9,2,2,13,830.889,218.897,160.214,451.778,14,888.008,353.748,259.76,274.5
9772,Hull,0,1,Swansea,56.6,43.4,3,3,11,13,685,613,484,369,20,16,12,67,4,5,3,4,14,794.68,247.024,215.0,332.656,14,810.524,102.947,340.677,366.9
9774,QPR,3,2,West Brom,43.4,56.6,7,6,17,16,565,643,337,434,9,13,64,30,5,11,4,1,14,806.529,139.23,301.301,365.998,13,791.315,151.534,147.0,492.781
9775,Southampton,3,0,Everton,43.8,56.2,3,4,11,13,581,704,373,481,38,15,27,21,4,6,4,2,13,819.359,217.95,140.638,460.771,11,840.0,234.0,210.0,396.0
9776,Spurs,2,1,Burnley,65.2,34.8,6,5,23,9,813,517,613,316,21,12,25,31,9,6,2,6,14,859.414,160.067,303.533,395.814,14,780.745,143.989,279.756,357.0
9777,West Ham,2,0,Leicester,47.8,52.2,2,4,10,10,593,602,347,382,16,18,52,42,9,4,3,1,14,819.599,297.891,154.475,367.233,14,769.323,93.817,350.654,324.852
9773,Man City,3,0,Crystal Palace,72.5,27.5,3,1,15,6,921,459,740,273,18,21,30,20,8,6,3,1,14,892.255,66.729,423.526,402.0,14,811.381,52.839,387.542,371.0
9770,Everton,3,1,QPR,53.5,46.5,5,4,13,17,671,610,464,391,31,21,35,22,1,8,4,4,14,858.668,223.316,239.352,396.0,13,809.168,24.08,415.088,370.0
9769,Swansea,1,2,Spurs,53.5,46.5,3,4,15,10,724,643,471,422,26,26,35,33,7,9,5,0,14,820.389,158.776,299.611,362.002,14,859.588,209.138,255.45,395.0
9768,Man Utd,3,0,Liverpool,54.7,45.3,6,9,11,19,721,637,514,416,35,18,20,21,2,7,1,2,14,880.556,308.074,330.669,241.813,14,844.178,305.0,233.756,305.422
9761,Arsenal,4,1,Newcastle,51.3,48.7,4,4,17,10,710,646,467,437,26,23,25,24,9,6,3,1,14,861.55,227.88,237.67,396.0,14,804.022,146.864,297.158,360.0
9762,Burnley,1,0,Southampton,40.2,59.8,2,4,7,15,550,685,330,485,12,16,39,16,2,4,2,2,12,780.822,144.0,292.282,344.54,13,834.282,156.124,296.158,382.0
9763,Chelsea,2,0,Hull,59.6,40.4,3,0,12,8,731,572,538,358,18,28,19,44,5,4,0,1,14,911.289,169.133,322.165,419.991,14,792.6,124.193,310.519,357.888
9764,Crystal Palace,1,1,Stoke,43.9,56.1,3,3,10,7,530,649,316,412,25,21,31,44,9,8,1,0,14,814.2,78.288,364.912,371.0,12,832.833,281.88,99.953,451.0
9765,Leicester,0,1,Man City,42.7,57.3,1,4,7,9,569,723,358,515,15,15,15,46,8,2,2,9,14,771.523,90.719,334.804,346.0,14,869.856,138.786,327.078,403.992
9766,Sunderland,1,1,West Ham,56.9,43.1,4,7,13,19,640,543,444,335,14,11,26,32,6,8,2,1,13,808.933,95.636,293.0,420.297,12,819.0,300.0,152.0,367.0
9767,West Brom,1,0,Aston Villa,48.6,51.4,5,2,13,7,622,644,397,439,19,27,22,33,4,2,1,2,12,792.11,168.206,147.0,476.904,14,825.399,163.709,288.892,372.798
9760,Southampton,1,2,Man Utd,51.9,48.1,4,2,15,3,703,670,510,478,28,27,10,33,5,1,4,1,13,829.828,165.588,288.24,376.0,14,884.085,255.065,359.607,269.413
9758,Aston Villa,2,1,Leicester,64.8,35.2,7,4,16,10,770,484,547,284,12,22,44,24,5,5,6,1,14,821.799,154.0,284.723,383.076,14,777.398,141.733,282.665,353.0
9759,West Ham,3,1,Swansea,55.8,44.2,7,2,15,11,627,545,405,333,9,22,29,52,7,4,3,1,14,821.198,301.5,158.104,361.594,14,821.701,171.859,274.739,375.103
9753,Man City,1,0,Everton,51.3,48.7,3,2,19,9,709,687,485,467,22,16,27,38,11,7,2,4,14,870.646,89.772,378.874,402.0,13,839.802,109.484,262.318,468.0
9751,Hull,0,0,West Brom,49.3,50.7,2,3,12,6,672,687,481,515,17,16,21,29,3,2,2,1,14,791.92,144.288,358.885,288.747,14,805.156,137.802,214.786,452.568
9752,Liverpool,0,0,Sunderland,53.2,46.8,2,1,15,7,685,636,457,412,24,18,32,38,5,7,1,2,13,862.116,302.742,247.374,312.0,14,805.578,72.0,306.784,426.794
9755,QPR,2,0,Burnley,51,49,6,3,11,15,631,596,403,378,13,18,68,41,3,11,2,2,14,813.329,128.31,314.019,371.0,14,780.578,146.992,276.586,357.0
9756,Stoke,3,2,Arsenal,42.5,57.5,4,6,13,14,516,653,332,453,20,14,25,10,3,9,3,3,14,833.803,292.419,109.509,431.875,14,837.292,180.0,320.0,337.292
9757,Spurs,0,0,Crystal Palace,67.6,32.4,3,4,14,16,839,505,605,274,29,31,43,22,2,12,1,4,14,856.024,253.931,211.093,391.0,12,815.0,75.0,369.0,371.0
9754,Newcastle,2,1,Chelsea,33.5,66.5,3,8,10,26,542,848,314,627,23,25,51,31,1,10,1,4,14,811.068,181.647,260.227,369.194,14,913.802,163.712,312.008,438.082
9747,Arsenal,1,0,Southampton,58.6,41.4,8,1,19,6,785,597,539,382,24,22,16,40,9,4,2,1,13,849.256,177.44,298.316,373.5,14,837.822,152.4,254.606,430.816
9748,Chelsea,3,0,Spurs,38.7,61.3,8,2,12,10,593,811,380,604,17,31,18,23,1,6,3,2,14,913.694,167.72,336.908,409.066,14,858.958,202.186,262.772,394.0
9749,Everton,1,1,Hull,57.5,42.5,5,1,13,8,745,577,526,384,16,28,31,29,6,4,1,0,13,861.977,158.0,307.977,396.0,14,791.233,102.181,401.271,287.781
9750,Sunderland,1,4,Man City,35.5,64.5,2,4,8,15,572,941,417,762,17,21,10,21,2,0,1,1,13,807.113,100.004,311.712,395.397,14,881.622,126.81,364.812,390.0
9742,Crystal Palace,0,1,Aston Villa,46.2,53.8,5,3,17,5,602,654,341,427,15,40,30,54,8,2,3,2,13,813.511,145.5,297.814,370.197,13,821.678,227.0,222.678,372.0
9746,West Brom,1,2,West Ham,57.6,42.4,5,6,22,12,693,576,487,362,10,18,20,65,7,3,0,3,14,797.974,227.85,193.39,376.734,14,816.501,302.779,126.15,387.572
9741,Burnley,1,1,Newcastle,42.2,57.8,2,4,12,11,527,658,324,444,18,18,39,33,2,5,2,2,13,780.944,143.944,280.0,357.0,14,796.668,125.524,315.144,356.0
9743,Leicester,1,3,Liverpool,46.6,53.4,4,3,20,11,594,679,366,435,17,29,26,56,7,4,0,6,12,778.333,143.0,289.881,345.452,14,842.981,281.24,214.372,347.369
9744,Man Utd,2,1,Stoke,64,36,3,4,10,5,827,539,631,351,18,25,19,28,3,2,1,0,14,875.265,238.66,393.605,243.0,13,825.482,367.629,6.853,451.0
9745,Swansea,2,0,QPR,59,41,7,1,19,5,737,545,510,370,13,20,24,31,9,2,6,0,14,817.137,156.426,301.711,359.0,12,815.778,77.0,368.778,370.0
9740,Spurs,2,1,Everton,38.6,61.4,6,5,13,10,582,808,384,603,23,22,25,16,3,4,2,4,14,857.334,239.0,225.0,393.334,13,849.152,158.0,295.152,396.0
9739,Southampton,0,3,Man City,52.1,47.9,4,6,13,15,660,636,468,441,15,19,12,31,8,6,5,0,14,841.454,101.774,321.68,418.0,14,899.96,136.491,342.145,421.324
9735,Sunderland,0,0,Chelsea,34,66,3,6,12,24,518,798,307,617,22,25,21,17,2,8,0,0,13,814.89,124.364,297.823,392.703,14,918.32,168.376,333.408,416.536
9731,Burnley,1,1,Aston Villa,46.6,53.4,4,7,11,18,646,701,433,502,19,14,25,38,1,5,1,2,14,781.288,143.722,280.566,357.0,14,814.291,136.291,305.197,372.803
9732,Liverpool,1,0,Stoke,47.7,52.3,3,4,16,13,651,691,444,483,21,17,36,34,5,5,0,1,13,856.262,246.717,220.807,388.738,14,836.978,238.672,219.306,379.0
9733,Man Utd,3,0,Hull,76.4,23.6,7,2,15,4,970,415,807,247,14,18,16,33,7,0,5,2,14,892.09,269.482,379.608,243.0,14,796.387,116.381,315.006,365.0
9734,QPR,3,2,Leicester,59,41,6,5,33,19,641,514,390,268,22,15,60,50,11,5,3,6,14,815.423,77.0,368.856,369.567,14,777.568,142.334,282.234,353.0
9736,Swansea,1,1,Crystal Palace,64.3,35.7,4,5,18,11,775,510,538,302,16,24,27,31,4,6,0,1,13,821.718,158.332,295.386,368.0,14,813.199,90.208,351.991,371.0
9738,West Ham,1,0,Newcastle,47.5,52.5,3,1,12,7,577,615,367,414,19,21,44,28,6,2,4,2,13,816.39,174.072,276.318,366.0,14,799.022,173.1,271.1,354.822
9737,West Brom,0,1,Arsenal,48.4,51.6,1,5,8,17,647,727,474,507,15,10,24,35,4,4,4,1,14,804.785,158.004,212.948,433.833,13,852.734,232.36,252.374,368.0
9730,Aston Villa,1,1,Southampton,35.9,64.1,1,4,7,16,486,742,299,531,13,10,44,19,2,8,1,2,13,814.355,146.0,296.355,372.0,13,845.512,160.704,302.808,382.0
9729,Hull,1,2,Spurs,27.3,72.7,2,6,10,23,436,818,220,613,20,14,48,14,3,9,4,1,14,802.278,150.0,338.626,313.652,14,861.156,239.0,229.656,392.5
9728,Crystal Palace,3,1,Liverpool,36.4,63.6,5,1,15,12,470,730,291,527,17,10,25,45,4,3,2,1,14,812.58,149.036,292.544,371.0,13,838.466,380.0,62.472,395.994
9721,Arsenal,1,2,Man Utd,61.4,38.6,9,2,23,12,695,531,490,317,19,27,10,45,11,5,1,4,14,862.356,122.585,361.683,378.088,14,856.249,252.827,300.072,303.35
9722,Chelsea,2,0,West Brom,73.7,26.3,8,1,21,5,905,436,744,270,9,17,10,31,15,0,5,2,14,918.468,168.512,337.956,412.0,14,807.202,149.867,282.567,374.768
9723,Everton,2,1,West Ham,56.3,43.7,4,3,14,14,692,541,485,340,13,17,62,15,1,5,3,1,14,850.571,224.506,239.065,387.0,14,815.898,231.573,143.325,441.0
9724,Leicester,0,0,Sunderland,39.9,60.1,4,5,13,11,453,591,260,396,18,17,39,20,6,9,0,5,14,778.6,143.112,282.488,353.0,13,811.0,148.0,293.0,370.0
9725,Man City,2,1,Swansea,59.4,40.6,10,3,23,8,862,688,665,453,16,25,14,34,7,3,0,2,14,902.44,150.018,343.422,409.0,14,819.43,158.878,292.552,368.0
9726,Newcastle,1,0,QPR,54,46,6,4,14,13,600,547,354,319,13,25,27,64,16,7,3,3,14,807.98,168.634,246.752,392.594,13,811.034,147.0,294.034,370.0
9727,Stoke,1,2,Burnley,72.7,27.3,3,4,25,5,818,455,565,230,9,18,20,70,14,0,2,0,14,835.157,236.667,220.49,378.0,14,781.158,163.721,257.357,360.08
9718,Swansea,2,1,Arsenal,48.1,51.9,5,4,11,12,629,646,435,462,15,16,35,19,6,10,4,0,14,812.782,209.712,235.07,368.0,14,870.247,163.759,320.488,386.0
9717,Sunderland,1,1,Everton,41.8,58.2,3,7,10,16,551,742,373,538,18,10,13,37,5,4,2,1,13,806.388,148.0,288.388,370.0,14,845.9,171.44,278.46,396.0
9719,Spurs,1,2,Stoke,60.3,39.7,4,4,14,11,651,506,429,280,27,25,27,36,5,5,1,2,14,848.5,140.684,321.816,386.0,14,835.465,236.665,220.0,378.8
9720,West Brom,0,2,Newcastle,57.9,42.1,2,3,10,8,735,605,524,373,25,25,28,33,7,4,1,1,14,801.268,168.1,210.276,422.892,14,806.599,150.0,280.767,375.832
9714,QPR,2,2,Man City,41.4,58.6,4,7,17,24,595,722,352,507,21,14,51,36,7,7,3,0,12,813.0,147.0,295.0,371.0,14,887.749,90.652,399.097,398.0
9711,Burnley,1,0,Hull,47.2,52.8,3,1,14,12,537,601,336,384,12,16,32,52,7,1,2,2,13,781.222,143.833,280.389,357.0,14,787.312,146.598,385.138,255.576
9713,Man Utd,1,0,Crystal Palace,71.4,28.6,5,1,23,6,870,445,667,260,16,26,29,31,11,4,0,0,14,867.805,277.491,368.314,222.0,14,806.803,151.5,286.5,368.803
9715,Southampton,2,0,Leicester,64.4,35.6,6,0,18,5,797,537,579,325,16,19,20,42,13,4,6,2,14,847.192,95.544,369.648,382.0,14,778.6,152.764,341.236,284.6
9716,West Ham,0,0,Aston Villa,57.9,42.1,5,4,21,12,666,543,431,335,13,16,40,54,13,2,5,1,14,818.98,243.204,207.776,368.0,13,817.836,146.0,297.0,374.836
9712,Liverpool,1,2,Chelsea,58.4,41.6,4,5,12,15,749,586,524,378,16,22,29,45,5,7,6,1,14,848.624,302.958,174.872,370.794,14,920.226,169.935,337.4,412.891
9710,Crystal Palace,1,3,Sunderland,53.5,46.5,1,7,9,8,651,615,412,376,15,40,18,48,11,2,0,0,13,811.71,138.057,307.544,366.109,14,802.167,138.424,285.267,378.476
9708,Aston Villa,1,2,Spurs,40.1,59.9,1,7,12,18,512,703,339,510,10,19,38,35,3,9,1,1,14,825.647,162.979,288.668,374.0,14,854.2,198.0,266.2,390.0
9709,Man City,1,0,Man Utd,52,48,6,2,17,9,680,660,482,456,19,24,17,29,7,4,3,3,14,901.13,162.593,329.537,409.0,14,878.593,254.309,313.088,311.196
9701,Arsenal,3,0,Burnley,67.6,32.4,12,2,32,6,876,535,630,319,10,21,17,59,18,1,2,4,14,864.569,154.342,318.122,392.105,13,775.812,140.699,278.113,357.0
9702,Chelsea,2,1,QPR,64.5,35.5,8,1,18,7,793,532,576,316,27,34,23,40,13,2,2,0,14,920.226,182.26,315.193,422.773,13,814.865,100.31,338.932,375.623
9703,Everton,0,0,Swansea,66.7,33.3,3,0,17,8,794,496,606,306,16,20,14,36,11,0,0,1,14,843.332,154.976,342.012,346.344,14,830.064,145.544,309.52,375.0
9704,Hull,0,1,Southampton,47.2,52.8,1,3,8,10,672,712,473,544,13,29,26,23,7,4,1,1,14,786.645,93.519,419.0,274.126,13,846.978,129.364,335.614,382.0
9705,Leicester,0,1,West Brom,55.8,44.2,5,3,14,8,708,596,449,372,22,22,19,56,8,3,4,6,14,780.088,148.188,278.9,353.0,14,804.759,142.278,227.7,434.781
9707,Stoke,2,2,West Ham,59.5,40.5,6,2,21,10,670,504,425,307,17,34,22,42,9,2,0,2,12,835.377,229.88,226.497,379.0,14,817.534,204.8,246.2,366.534
9706,Newcastle,1,0,Liverpool,35.5,64.5,3,3,14,6,529,793,307,583,27,29,33,25,7,2,0,7,14,806.637,152.0,279.637,375.0,13,852.067,324.359,213.708,314.0
9700,QPR,2,0,Aston Villa,35.2,64.8,4,6,11,15,521,809,320,575,19,12,39,34,2,4,2,5,14,815.194,126.0,315.917,373.277,13,827.444,210.794,239.65,377.0
9698,Man Utd,1,1,Chelsea,51.7,48.3,7,4,19,9,646,610,439,425,16,21,25,26,4,7,0,2,12,875.136,250.136,231.0,394.0,14,919.18,147.496,357.968,413.716
9697,Burnley,1,3,Everton,38.1,61.9,3,6,14,15,563,841,358,627,18,18,24,43,5,4,2,3,14,781.107,147.7,276.407,357.0,13,842.622,155.444,293.178,394.0
9699,Spurs,1,2,Newcastle,66.9,33.1,2,2,18,8,791,530,556,277,26,29,17,41,10,2,1,2,14,857.078,180.046,286.032,391.0,14,816.134,141.094,291.5,383.54
9694,Swansea,2,0,Leicester,49.5,50.5,3,4,7,9,718,735,543,554,15,17,23,19,2,2,1,1,14,829.406,130.92,323.486,375.0,14,775.684,196.08,227.604,352.0
9691,Liverpool,0,0,Hull,65.9,34.1,4,3,17,6,773,506,535,288,21,24,19,47,14,1,1,1,14,840.646,328.116,143.721,368.809,14,787.134,88.825,418.309,280.0
9692,Southampton,1,0,Stoke,61.2,38.8,2,1,20,8,752,534,561,351,21,21,13,19,6,3,1,3,13,846.814,77.0,387.0,382.814,14,826.445,194.967,180.478,451.0
9693,Sunderland,0,2,Arsenal,42.9,57.1,3,5,11,15,608,755,401,539,21,31,19,25,3,3,2,0,14,806.266,74.224,354.048,377.994,14,865.344,163.88,317.066,384.398
9695,West Brom,2,2,Crystal Palace,68.8,31.2,4,6,17,8,760,457,560,258,14,20,28,35,6,3,1,4,13,801.734,147.5,220.0,434.234,14,803.321,130.825,308.663,363.833
9696,West Ham,2,1,Man City,30.5,69.5,4,5,12,21,441,763,239,560,16,17,32,36,4,8,3,2,14,819.641,222.409,229.232,368.0,14,909.445,256.312,244.133,409.0
9690,West Brom,2,2,Man Utd,37.3,62.7,2,7,8,22,558,790,359,574,13,19,55,28,0,11,0,1,12,797.956,146.612,223.344,428.0,14,880.108,241.94,244.168,394.0
9689,Stoke,2,1,Swansea,43,57,3,5,17,13,570,693,358,483,23,25,24,27,3,5,0,0,14,827.677,272.068,155.595,400.014,14,828.276,179.902,273.374,375.0
9688,QPR,2,3,Liverpool,43.5,56.5,5,4,15,15,569,685,336,454,22,26,27,58,7,2,1,2,14,808.401,138.46,239.964,429.977,14,846.182,303.534,99.292,443.356
9681,Arsenal,2,2,Hull,65.8,34.2,9,4,25,4,919,568,698,375,21,27,5,38,10,0,0,0,13,864.003,163.0,302.227,398.776,14,795.142,74.2,362.0,358.942
9682,Burnley,1,3,West Ham,46.5,53.5,3,6,17,22,605,678,360,426,13,17,32,60,5,7,2,1,14,780.172,142.654,280.518,357.0,13,819.234,227.474,223.76,368.0
9683,Crystal Palace,1,2,Chelsea,28.5,71.5,4,5,7,14,465,934,288,757,15,17,23,25,3,2,2,0,14,804.89,70.0,341.97,392.92,14,913.698,164.935,290.422,458.341
9684,Everton,3,0,Aston Villa,60.7,39.3,6,2,15,10,835,578,647,398,13,13,33,24,3,4,2,1,14,863.242,210.666,258.576,394.0,14,822.033,167.8,279.1,375.133
9686,Newcastle,1,0,Leicester,50.5,49.5,6,2,19,7,609,594,379,374,21,19,27,37,10,7,2,1,14,818.925,179.112,264.413,375.4,14,779.536,126.298,301.238,352.0
9687,Southampton,8,0,Sunderland,52.6,47.4,10,1,21,13,662,614,472,428,20,10,32,25,5,6,3,0,14,846.667,131.095,333.572,382.0,14,800.908,148.0,324.908,328.0
9685,Man City,4,1,Spurs,61.7,38.3,12,7,20,19,812,587,618,377,20,19,17,18,3,4,3,2,14,890.918,172.668,313.25,405.0,14,854.999,161.0,288.795,405.204
9680,West Ham,2,0,QPR,48.7,51.3,3,3,11,10,627,661,402,431,23,23,32,49,7,5,4,2,13,820.844,294.644,159.2,367.0,14,811.847,131.968,310.879,369.0
9677,Chelsea,2,0,Arsenal,47,53,3,0,5,10,648,744,441,505,29,25,29,29,2,2,3,0,14,916.502,166.228,276.88,473.394,14,875.631,235.435,242.486,397.71
9679,Spurs,1,0,Southampton,46.2,53.8,4,3,9,7,599,665,360,438,20,33,33,33,10,5,6,2,14,857.235,153.56,313.031,390.644,12,846.0,88.856,375.144,382.0
9678,Man Utd,2,1,Everton,48.7,51.3,4,6,15,10,646,664,442,475,15,13,31,32,11,6,1,3,14,870.744,337.22,158.634,374.89,14,846.914,156.0,285.17,405.744
9671,Aston Villa,0,2,Man City,32.2,67.8,1,7,6,27,574,965,363,777,24,16,37,6,0,7,1,3,14,810.521,75.576,353.964,380.981,14,900.837,227.184,264.653,409.0
9672,Hull,2,0,Crystal Palace,59.1,40.9,2,2,15,11,743,549,519,351,21,20,51,26,6,7,0,0,14,800.061,146.624,293.0,360.437,14,805.799,87.207,352.794,365.798
9673,Leicester,2,2,Burnley,53.5,46.5,6,4,15,10,674,587,426,367,14,22,41,39,9,3,1,1,14,768.533,142.4,274.133,352.0,14,776.134,155.896,193.458,426.78
9674,Liverpool,2,1,West Brom,54.3,45.7,7,4,19,8,690,574,452,371,16,28,33,26,5,5,3,2,14,849.389,368.462,171.193,309.734,14,806.422,150.0,228.67,427.752
9675,Sunderland,3,1,Stoke,39.5,60.5,3,5,8,11,482,652,285,458,28,20,18,25,7,4,3,2,14,798.141,148.0,289.141,361.0,14,820.312,211.652,232.66,376.0
9676,Swansea,2,2,Newcastle,62.9,37.1,5,4,11,9,823,529,627,347,14,25,26,12,3,1,3,3,13,821.692,158.604,297.088,366.0,14,817.407,170.552,273.855,373.0
9670,Stoke,1,0,Newcastle,44.1,55.9,3,1,12,16,567,641,344,422,22,21,39,22,2,10,4,0,14,831.309,205.202,250.107,376.0,14,825.078,151.5,300.578,373.0
9669,West Brom,4,0,Burnley,62.7,37.3,6,2,20,10,817,538,619,359,10,8,25,49,10,2,2,2,14,802.953,136.294,232.737,433.922,14,767.268,103.268,272.0,392.0
9661,Arsenal,1,1,Spurs,68.6,31.4,6,4,16,6,849,490,618,279,17,23,11,44,15,5,3,2,14,874.944,206.5,277.444,391.0,14,854.345,134.498,329.925,389.922
9662,Chelsea,3,0,Aston Villa,62.5,37.5,8,1,17,7,857,559,701,416,5,10,23,27,9,2,5,0,14,915.928,156.404,327.76,431.764,13,808.466,128.991,313.475,366.0
9663,Crystal Palace,2,0,Leicester,39.6,60.4,6,1,16,7,492,651,290,457,16,20,28,33,6,6,1,0,13,811.682,70.945,369.737,371.0,14,780.477,214.0,213.899,352.578
9664,Hull,2,4,Man City,40.3,59.7,5,6,10,20,618,870,434,664,20,11,29,22,3,8,0,0,14,800.956,146.712,297.782,356.462,14,899.336,228.029,256.8,414.507
9666,Man Utd,2,1,West Ham,57.4,42.6,3,4,8,13,709,546,504,351,20,10,51,24,7,10,2,4,14,874.513,318.092,178.75,377.671,14,807.161,258.387,182.496,366.278
9667,Southampton,2,1,QPR,55.4,44.6,9,2,19,10,675,590,483,401,20,13,16,35,6,3,4,1,14,847.159,95.544,368.944,382.671,14,814.112,87.08,357.032,370.0
9668,Sunderland,0,0,Swansea,49.5,50.5,3,1,15,7,552,585,377,394,16,18,13,33,10,1,2,2,14,800.04,72.532,366.508,361.0,14,827.222,148.814,297.534,380.874
9665,Liverpool,1,1,Everton,46.4,53.6,8,5,24,11,627,703,418,499,27,20,24,22,8,2,2,2,13,848.244,330.218,210.026,308.0,14,850.322,156.0,309.023,385.299
9657,Everton,2,3,Crystal Palace,75.4,24.6,6,3,17,10,959,435,760,234,18,19,35,37,7,1,2,1,14,841.445,101.964,375.248,364.233,14,809.334,66.92,366.123,376.291
9659,Man City,1,1,Chelsea,58.5,41.5,4,2,16,6,761,611,562,409,32,21,15,38,14,2,1,1,14,907.585,238.574,252.847,416.164,14,914.8,85.0,393.5,436.3
9658,Leicester,5,3,Man Utd,42.6,57.4,5,5,15,16,600,762,389,528,16,18,33,44,2,4,4,4,14,779.376,198.223,229.153,352.0,14,881.8,324.8,173.0,384.0
9660,Spurs,0,1,West Brom,61.8,38.2,1,4,7,10,722,512,512,320,13,17,26,35,9,7,0,2,14,857.644,210.876,261.768,385.0,12,804.792,150.792,220.0,434.0
9656,West Ham,3,1,Liverpool,37.6,62.4,7,5,13,11,480,669,276,469,15,18,34,37,7,5,1,0,14,815.001,211.3,225.835,377.866,14,851.983,338.167,197.5,316.316
9651,Aston Villa,0,3,Arsenal,29.1,70.9,2,3,6,9,476,995,314,815,13,14,16,17,5,5,1,2,14,813.924,109.5,332.3,372.124,14,876.074,249.266,228.493,398.315
9652,Burnley,0,0,Sunderland,44.3,55.7,6,6,16,14,557,680,370,482,19,11,20,37,5,1,2,1,14,773.882,136.2,279.912,357.77,14,810.696,72.0,355.008,383.688
9653,Newcastle,2,2,Hull,63,37,7,3,25,10,779,550,577,342,14,16,19,52,4,2,1,5,14,827.408,150.968,303.44,373.0,14,800.878,137.944,369.0,293.934
9655,Swansea,0,1,Southampton,44,56,2,4,5,11,604,698,418,529,6,16,42,13,2,4,0,2,13,831.408,162.864,293.544,375.0,14,841.466,209.758,254.708,377.0
9654,QPR,2,2,Stoke,52.5,47.5,5,4,21,8,628,572,404,375,19,29,33,38,10,1,0,1,14,814.536,92.54,351.996,370.0,13,833.688,233.0,223.688,377.0
9650,Hull,2,2,West Ham,40.9,59.1,6,5,11,17,579,703,332,478,34,16,50,25,3,10,1,1,14,802.712,146.488,362.224,294.0,14,813.499,272.988,174.355,366.156
9649,Man Utd,4,0,QPR,68.5,31.5,9,2,18,9,976,515,825,364,18,11,12,21,3,1,0,2,14,883.39,333.691,185.155,364.544,14,813.732,50.512,395.72,367.5
9644,Liverpool,0,1,Aston Villa,74.7,25.3,1,1,18,5,923,424,741,243,12,13,25,45,7,6,3,1,14,847.523,319.981,219.542,308.0,14,809.058,131.4,311.658,366.0
9642,Chelsea,4,2,Swansea,55.2,44.8,9,2,30,12,768,668,573,455,17,18,11,40,7,4,0,0,14,915.843,168.0,288.935,458.908,14,827.891,155.624,297.267,375.0
9643,Crystal Palace,0,0,Burnley,44.8,55.2,3,3,16,11,558,608,327,407,21,12,41,32,5,6,0,1,14,806.032,118.293,296.233,391.506,12,775.736,138.736,280.0,357.0
9645,Southampton,4,0,Newcastle,50.3,49.7,7,4,10,9,731,756,552,544,29,14,19,16,5,5,3,0,14,846.442,133.944,329.684,382.814,14,824.503,165.162,284.341,375.0
9646,Stoke,0,1,Leicester,59,41,6,1,27,8,684,551,440,327,14,22,21,47,16,3,0,0,14,831.509,240.806,213.77,376.933,14,764.624,154.92,266.704,343.0
9647,Sunderland,2,2,Spurs,38,62,1,6,7,16,562,807,350,593,29,30,22,18,6,5,1,1,14,812.389,72.0,375.389,365.0,14,856.602,156.392,315.21,385.0
9648,West Brom,0,2,Everton,45.5,54.5,3,5,13,12,623,757,431,550,20,14,10,43,9,1,1,3,14,798.524,131.35,219.556,447.618,13,866.914,136.48,335.434,395.0
9641,Arsenal,2,2,Man City,45.4,54.6,6,8,15,15,727,801,462,560,31,37,26,29,0,3,2,2,14,886.069,162.284,325.585,398.2,14,894.044,172.976,300.836,420.232
9639,Leicester,1,1,Arsenal,31.7,68.3,3,6,9,24,518,911,307,690,27,18,32,31,5,10,3,3,14,768.889,149.028,267.861,352.0,14,870.866,217.824,253.232,399.81
9638,Aston Villa,2,1,Hull,44.8,55.2,4,3,11,9,604,737,449,543,12,13,25,37,3,7,1,2,14,815.3,141.912,299.388,374.0,14,786.124,87.981,299.232,398.911
9640,Spurs,0,3,Liverpool,60.4,39.6,1,8,7,17,773,581,559,370,17,28,16,45,7,3,3,1,14,856.768,131.792,334.176,390.8,14,846.17,276.72,234.644,334.806
9632,Everton,3,6,Chelsea,61.5,38.5,6,8,16,12,793,542,551,355,16,30,22,31,8,2,8,1,13,864.483,155.12,313.363,396.0,14,914.786,85.935,410.533,418.318
9633,Man City,0,1,Stoke,72.2,27.8,2,2,16,7,850,458,668,240,14,24,14,36,11,4,1,2,14,908.434,255.6,247.834,405.0,14,831.167,233.0,213.175,384.992
9634,Newcastle,3,3,Crystal Palace,64.3,35.7,4,7,18,12,693,477,477,268,18,20,15,48,11,4,0,2,14,824.988,225.512,233.748,365.728,14,809.244,133.666,234.578,441.0
9635,QPR,1,0,Sunderland,39.7,60.3,5,6,18,16,530,720,328,510,23,21,32,25,4,6,0,0,14,804.993,76.227,358.384,370.382,14,811.602,130.292,316.31,365.0
9636,Swansea,3,0,West Brom,55.9,44.1,8,2,15,16,770,610,573,441,16,21,29,8,0,7,2,1,14,830.308,158.376,296.932,375.0,14,803.3,186.5,223.0,393.8
9637,West Ham,1,3,Southampton,36.4,63.6,2,8,4,18,533,776,337,576,24,24,37,25,2,9,2,2,14,813.009,241.964,248.988,322.057,13,836.417,191.094,253.036,392.287
9631,Burnley,0,0,Man Utd,36,64,3,2,9,7,519,761,313,553,19,21,35,30,3,6,2,1,13,778.468,142.468,277.46,358.54,14,873.907,318.002,234.475,321.43
9630,Man City,3,1,Liverpool,52.9,47.1,4,3,9,11,746,686,586,508,16,17,25,20,6,7,1,1,14,906.308,218.799,278.509,409.0,14,853.679,280.206,247.282,326.191
9628,Sunderland,1,1,Man Utd,44.7,55.3,3,3,11,10,618,719,431,544,17,23,22,24,4,4,1,1,14,802.834,137.056,290.266,375.512,14,863.09,253.9,307.3,301.89
9627,Hull,1,1,Stoke,42.7,57.3,2,3,9,19,576,722,378,501,19,16,39,47,4,5,0,2,14,785.334,65.7,296.256,423.378,14,835.775,230.084,228.691,377.0
9629,Spurs,4,0,QPR,65.5,34.5,5,1,18,9,879,549,686,347,24,24,15,22,7,6,1,4,14,860.064,178.285,290.779,391.0,14,811.656,12.46,354.696,444.5
9624,Everton,2,2,Arsenal,45.8,54.2,2,3,8,13,627,725,445,527,19,15,33,28,3,3,2,0,14,866.686,143.52,327.166,396.0,14,873.144,141.13,330.198,401.816
9622,Chelsea,2,0,Leicester,63.3,36.7,10,4,27,6,777,498,530,295,23,28,42,26,8,7,2,2,14,917.556,150.352,297.613,469.591,14,769.11,143.732,259.581,365.797
9623,Crystal Palace,1,3,West Ham,45.9,54.1,4,8,9,17,596,676,378,454,29,23,23,36,6,9,1,3,14,806.199,219.971,150.0,436.228,14,813.955,289.316,228.639,296.0
9625,Southampton,0,0,West Brom,57.6,42.4,2,2,9,8,694,557,507,368,22,19,13,17,1,5,1,1,13,840.266,179.158,285.108,376.0,14,799.645,146.31,223.0,430.335
9626,Swansea,1,0,Burnley,55.4,44.6,5,1,10,12,757,637,558,445,16,19,39,23,2,3,3,1,14,831.148,157.844,297.534,375.77,14,779.415,143.815,278.6,357.0
9621,Aston Villa,0,0,Newcastle,40.4,59.6,0,4,10,11,524,708,348,535,17,12,29,23,7,7,4,0,14,815.6,146.0,295.778,373.822,14,823.635,166.238,283.572,373.825
9620,Burnley,1,3,Chelsea,38.6,61.4,2,3,9,11,589,862,413,668,12,19,21,29,4,3,3,1,14,778.732,142.51,279.222,357.0,14,917.398,167.219,267.952,482.227
9619,Newcastle,0,2,Man City,44.2,55.8,0,5,12,13,669,772,460,593,23,29,21,32,3,3,0,0,14,819.388,149.078,297.31,373.0,14,901.647,236.003,261.644,404.0
9618,Liverpool,2,1,Southampton,56.1,43.9,5,6,12,12,849,662,601,450,16,35,50,14,2,6,2,2,13,847.164,307.064,157.1,383.0,13,837.953,164.528,291.996,381.429
9611,Arsenal,2,1,Crystal Palace,76.9,23.1,6,2,14,4,975,444,730,222,26,33,30,40,9,3,0,1,14,872.722,157.421,326.301,389.0,14,812.369,145.056,296.0,371.313
9612,Leicester,2,2,Everton,36.5,63.5,3,3,11,13,531,784,344,605,13,19,37,28,3,6,0,0,14,772.044,143.468,276.576,352.0,13,862.312,156.0,310.832,395.48
9614,QPR,0,1,Hull,51,49,6,4,19,11,598,600,383,382,14,17,40,56,8,9,0,2,14,811.869,86.31,311.102,414.457,14,787.987,73.0,297.45,417.537
9615,Stoke,0,1,Aston Villa,63.1,36.9,2,1,12,7,749,503,517,289,27,19,43,26,2,8,1,1,13,840.611,311.789,151.822,377.0,13,814.189,139.503,294.367,380.319
9616,West Brom,2,2,Sunderland,57.8,42.2,5,2,10,7,628,543,439,323,18,29,15,42,6,3,0,3,14,800.516,150.159,222.913,427.444,14,793.68,148.0,353.78,291.9
9617,West Ham,0,1,Spurs,46.6,53.4,4,4,18,10,628,650,414,482,17,19,35,27,8,5,1,0,14,812.778,276.832,217.176,318.77,14,842.882,160.0,281.596,401.286
9613,Man Utd,1,2,Swansea,59.6,40.4,5,4,14,5,752,569,558,383,13,19,12,35,4,0,1,1,14,867.255,214.0,325.963,327.292,14,830.525,158.424,297.512,374.589
