MatchID,Possession_home,Possession_away,Shots_on_target_home,Shots_on_target_away,Shots_home,Shots_away,Touches_home,Touches_away,Passes_home,Passes_away,Tackles_home,Tackles_away,Clearances_home,Clearances_away,Corners_home,Corners_away,Offsides_home,Offsides_away,Yellow_cards_home,Yellow_cards_away,Fouls_conceded_home,Fouls_conceded_away,Red_cards_home,Red_cards_away
7837,58.4,41.6,4,4,19,10,736,583,560,402,14,21,9,39,8,2,3,4,1,0,14,4,,
7838,46.9,53.1,10,3,17,11,560,610,372,441,20,20,26,16,4,3,3,1,2,2,18,16,1,0
7839,81.3,18.7,15,3,44,3,932,378,710,164,15,22,5,57,19,0,1,1,1,1,4,7,0,1
7840,58.9,41.1,8,5,23,10,703,525,515,343,12,11,34,18,8,6,3,3,1,2,7,11,,
7841,50.9,49.1,7,4,17,20,556,519,290,272,13,23,68,45,5,9,2,2,1,1,10,5,,
7842,35.5,64.5,2,7,8,21,525,815,337,628,20,24,27,24,1,9,,,3,3,14,11,,
7843,62.4,37.6,4,5,13,13,809,533,606,355,19,22,20,13,6,5,1,0,1,1,7,6,,
7844,51,49,6,5,17,11,711,668,534,509,25,16,22,14,8,3,0,3,0,2,9,12,,
7845,41.7,58.3,5,3,13,13,509,653,326,466,16,29,18,24,9,5,4,3,0,1,12,11,,
7846,52,48,8,4,14,9,635,627,472,431,23,19,14,27,9,2,2,0,1,2,15,9,,
7836,53.2,46.8,6,2,23,11,637,578,459,394,21,20,20,17,7,4,3,0,2,4,17,14,,
7835,36.7,63.3,2,6,12,20,463,683,257,461,18,10,22,29,5,6,0,2,2,1,14,13,,
7832,43.7,56.3,3,8,15,21,591,715,383,501,27,20,21,27,2,6,1,3,4,3,12,8,,
7828,37.5,62.5,1,4,4,22,503,712,292,489,30,22,45,26,4,19,2,1,1,2,11,8,0,1
7829,37.6,62.4,5,10,15,19,511,694,292,501,20,12,29,17,4,4,3,8,1,4,16,10,,
7830,56.8,43.2,8,6,22,13,783,664,621,460,17,19,16,26,8,2,0,3,,,8,13,,
7833,54.6,45.4,6,0,22,8,578,515,341,283,20,22,47,52,7,3,1,0,,,10,16,,
7834,43.2,56.8,0,4,9,21,596,702,366,492,23,16,46,15,3,7,4,9,,,9,10,,
7831,59.8,40.2,7,6,28,13,820,627,579,402,26,20,20,45,16,3,,,1,0,12,6,,
7827,63.4,36.6,11,4,23,13,742,500,506,286,9,22,23,46,6,1,1,6,2,3,9,15,,
7826,63.4,36.6,3,4,18,13,745,522,549,309,18,21,23,39,4,4,3,4,0,3,10,7,,
7825,46.9,53.1,5,7,15,14,603,698,415,481,18,19,14,27,4,7,2,3,2,1,6,9,,
7823,59.5,40.5,4,4,21,10,755,590,574,392,22,16,7,28,5,4,5,0,,,12,8,,
7824,39.1,60.9,3,4,11,11,492,647,268,426,18,11,59,46,4,6,1,0,2,1,6,14,,
7822,52.5,47.5,3,0,15,5,690,627,449,398,18,37,29,45,8,8,1,0,3,2,11,15,,
7820,56.7,43.3,13,2,30,13,698,548,524,384,11,20,13,22,8,5,3,3,0,1,9,8,,
7821,70.6,29.4,5,0,19,0,904,457,695,282,22,21,22,29,6,1,1,2,,,6,15,,
7813,52.4,47.6,7,2,12,6,783,705,615,557,24,12,22,13,3,4,4,2,1,1,14,10,,
7815,37.1,62.9,2,5,5,17,499,735,290,515,22,15,48,35,2,5,5,2,1,2,8,11,,
7816,52,48,3,6,12,16,596,555,375,354,18,24,38,37,7,5,2,2,1,0,9,20,,
7817,55,45,7,6,11,17,690,597,516,406,20,16,30,20,2,6,1,0,2,1,8,10,,
7818,55.5,44.5,3,3,20,12,574,493,383,306,19,15,26,27,10,3,3,5,0,4,15,16,,
7819,57.1,42.9,6,2,10,11,665,542,509,387,16,16,17,12,4,1,3,5,2,1,15,12,,
7814,44.4,55.6,1,5,9,16,641,755,451,568,21,12,37,23,5,7,2,5,4,0,9,4,,
7812,43.8,56.2,4,6,18,15,518,627,292,386,22,18,15,35,9,6,6,3,1,2,9,16,,
7810,52.5,47.5,7,7,24,17,751,685,523,486,20,24,18,38,5,2,2,1,1,2,9,12,,
7809,63.3,36.7,6,3,30,9,806,553,564,332,14,26,20,48,15,3,2,4,2,0,12,8,,
7811,51.8,48.2,3,5,6,17,676,662,475,463,16,25,24,35,7,4,2,4,0,1,6,12,,
7803,44.6,55.4,4,3,13,13,548,616,315,402,21,22,30,26,8,5,2,2,0,1,11,9,0,1
7808,31,69,3,6,12,20,479,795,265,585,18,16,33,15,4,13,2,1,3,0,13,11,1,0
7802,56.7,43.3,4,2,13,14,697,576,496,381,24,22,20,28,7,7,5,4,3,4,12,11,,
7804,42.7,57.3,3,3,8,13,496,610,285,400,9,19,41,57,9,7,4,1,1,1,10,13,,
7805,38.1,61.9,2,4,10,26,493,717,284,480,13,14,34,42,8,10,2,5,2,1,19,8,,
7806,51.2,48.8,4,4,14,10,669,648,492,482,15,16,11,23,4,0,2,1,1,2,11,16,,
7807,58.1,41.9,9,0,17,8,699,559,527,365,21,23,21,31,4,5,2,2,0,2,9,10,,
7801,64.3,35.7,5,7,23,15,771,533,558,309,17,26,12,37,9,3,1,3,2,3,16,15,,
7800,65.3,34.7,9,2,29,12,753,492,548,289,26,16,26,24,11,4,1,0,3,3,9,8,,
7796,47.4,52.6,6,11,16,23,688,789,482,557,18,22,23,39,3,5,0,4,1,2,10,5,,
7797,51.1,48.9,3,5,15,11,585,577,363,348,22,15,33,49,8,4,1,1,0,1,4,12,,
7798,73.2,26.8,8,2,22,8,810,391,612,214,19,19,20,27,7,3,2,0,0,2,8,14,,
7799,47.9,52.1,5,2,15,18,568,622,378,411,17,16,14,28,6,8,3,4,3,1,13,10,,
7792,64.9,35.1,7,1,19,5,893,556,721,383,15,20,11,17,6,2,1,1,,,8,10,,
7794,44.9,55.1,3,1,13,9,550,637,367,449,20,27,22,25,7,3,2,2,1,2,8,14,,
7795,28,72,2,7,10,12,481,974,304,828,19,13,20,12,6,4,3,0,3,0,8,4,1,0
7793,40.2,59.8,6,2,18,11,543,732,360,539,16,16,24,25,6,9,1,1,2,0,10,9,,
7791,52.2,47.8,6,6,15,16,542,530,375,354,14,15,11,34,4,4,2,5,4,5,16,14,0,1
7787,58.5,41.5,5,0,22,3,765,579,567,388,18,16,25,20,5,2,3,3,0,2,7,12,,
7789,50.9,49.1,3,3,8,9,581,583,401,377,11,16,24,32,6,5,7,2,1,1,7,18,,
7790,58.8,41.2,3,4,15,12,664,526,429,312,17,17,40,56,9,3,4,5,1,2,14,12,,
7786,53.7,46.3,3,2,7,8,570,509,391,316,16,9,48,44,5,4,0,1,3,0,10,10,,
7788,46.6,53.4,7,3,10,15,659,718,471,539,25,16,33,18,7,11,4,2,1,3,6,16,,
7785,72.4,27.6,10,0,27,9,918,463,734,270,18,19,14,41,11,5,3,0,1,0,13,11,0,1
7784,64.5,35.5,5,0,13,6,758,528,539,297,27,17,14,43,7,6,3,5,2,3,14,16,0,1
7782,29.3,70.7,3,1,12,16,456,905,267,684,22,24,32,28,11,4,1,2,2,2,13,11,,
7777,52.4,47.6,1,6,12,11,633,627,449,428,12,17,26,43,5,3,0,4,1,0,12,10,,
7778,54.7,45.3,8,4,20,11,636,557,434,368,20,26,16,21,5,3,3,5,2,2,14,12,,
7779,69.6,30.4,5,2,24,5,826,466,612,261,12,12,16,61,11,3,1,0,1,1,5,10,,
7780,48.3,51.7,6,5,15,10,627,673,431,469,17,13,45,25,2,4,3,2,0,3,7,18,,
7783,47.2,52.8,5,7,13,16,579,631,399,466,15,11,17,19,8,4,7,2,1,1,7,9,0,1
7781,46.2,53.8,4,4,13,12,508,548,298,343,14,13,56,43,3,8,3,1,1,1,8,12,,
7776,77,23,8,3,19,5,1081,439,912,270,13,16,8,18,7,0,0,1,1,1,10,9,,
7775,26.7,73.3,4,5,11,13,443,915,254,701,15,15,42,40,2,10,0,1,1,1,11,5,,
7773,48.6,51.4,3,2,10,9,643,624,453,462,17,19,28,14,3,6,2,5,3,3,10,12,0,1
7774,40.7,59.3,9,2,20,11,621,805,404,609,31,22,12,17,7,6,1,2,,,10,12,,
7766,44.4,55.6,5,7,9,13,518,625,328,444,13,7,27,43,6,4,2,3,1,0,15,6,,
7767,53.3,46.7,7,2,17,9,679,619,481,414,17,13,23,26,5,2,1,3,2,1,8,12,,
7768,38.1,61.9,8,4,15,16,598,855,405,664,19,16,41,26,6,7,3,0,1,2,12,9,,
7769,64.1,35.9,7,3,26,9,751,483,527,294,12,22,21,48,17,5,2,0,1,1,12,14,,
7770,32.3,67.7,6,6,11,13,510,839,295,649,32,24,24,16,4,6,6,3,5,2,15,10,,
7771,60.8,39.2,6,1,14,5,631,480,449,284,21,13,26,40,8,1,0,5,2,4,16,14,,
7772,50.9,49.1,6,7,16,20,541,532,295,302,14,15,56,40,13,5,4,0,1,1,12,11,,
7765,59.5,40.5,9,2,21,7,906,680,708,487,15,22,32,30,7,1,2,0,1,0,17,6,,
7764,51.1,48.9,2,7,17,11,620,627,413,418,22,18,8,42,10,4,4,3,0,1,11,4,,
7758,45.4,54.6,2,4,9,20,570,708,383,489,20,17,21,38,6,4,2,0,1,2,11,13,,
7756,71.5,28.5,8,0,19,3,779,392,609,232,10,14,12,26,15,5,2,3,0,5,7,13,,
7757,58.7,41.3,4,3,17,11,593,460,350,251,16,12,43,27,11,4,1,2,0,2,8,4,,
7759,56.9,43.1,5,2,19,8,726,606,525,410,15,21,11,34,6,0,2,1,1,2,17,10,,
7760,62.4,37.6,4,2,14,13,744,511,528,292,17,17,59,34,5,5,3,5,1,2,12,10,1,0
7762,51.5,48.5,4,1,17,11,627,578,429,404,16,15,23,24,5,2,2,2,2,3,11,9,0,1
7763,62,38,1,5,11,15,739,496,554,323,18,12,27,18,3,3,1,1,1,2,10,12,,
7761,32.5,67.5,3,6,11,16,446,710,229,504,16,25,33,31,5,7,1,0,1,2,15,14,,
7753,60.4,39.6,5,2,21,7,791,580,560,363,18,19,20,46,11,4,,,1,2,10,9,,
7755,64,36,7,2,26,10,735,533,488,275,15,29,30,69,13,1,1,4,1,1,11,11,,
7752,38.3,61.7,1,4,7,14,509,739,319,533,16,16,30,22,4,6,10,3,2,1,11,13,,
7754,43.5,56.5,5,7,11,19,647,756,412,548,21,18,55,23,7,17,1,4,,,8,7,,
7751,45.4,54.6,6,1,16,3,554,594,348,390,11,24,29,34,7,9,0,4,0,1,12,11,,
7750,41.1,58.9,3,9,7,22,587,805,419,625,11,18,15,23,4,7,1,2,0,1,6,13,1,0
7749,44.2,55.8,6,4,14,11,592,733,415,523,20,17,16,38,4,5,,,0,3,8,15,,
7747,38.1,61.9,5,5,16,10,607,880,430,700,17,25,11,24,6,2,2,2,,,8,7,,
7748,60.4,39.6,5,1,21,10,598,478,400,264,14,19,14,40,13,5,2,5,2,4,8,12,,
7746,51.1,48.9,9,1,16,8,633,593,425,403,18,17,31,32,4,4,5,2,1,4,6,9,,
7745,60.9,39.1,8,2,23,4,758,529,540,348,19,22,12,32,6,3,8,2,2,3,11,12,,
7742,65.3,34.7,8,3,23,7,859,528,675,354,18,18,23,27,8,5,5,1,,,5,14,0,1
7744,55.4,44.6,5,6,12,22,735,646,535,430,14,19,21,22,7,9,2,1,0,2,9,15,,
7743,44.9,55.1,2,7,14,20,607,692,386,489,19,11,36,28,3,5,2,1,4,4,12,8,,
7737,53.2,46.8,3,4,12,20,602,560,349,313,17,26,44,57,10,6,1,0,2,2,15,14,,
7736,51.2,48.8,6,1,16,7,635,626,444,435,15,9,24,41,10,4,2,3,2,0,9,11,,
7738,71.4,28.6,8,0,23,8,741,390,538,210,19,12,33,52,14,1,2,0,1,2,12,15,0,1
7740,38.2,61.8,2,3,7,10,536,755,324,549,28,20,39,28,3,2,1,0,1,1,13,16,,
7741,60.1,39.9,3,5,14,14,656,530,439,300,21,24,34,37,3,4,3,3,1,2,10,10,,
7739,37.9,62.1,5,5,9,24,527,759,320,530,20,27,26,17,0,8,3,2,2,2,14,11,,
7734,63.1,36.9,5,4,30,8,678,488,439,258,20,23,21,53,18,4,1,2,5,4,14,15,0,2
7733,58.2,41.8,12,1,27,13,751,579,567,390,13,19,18,22,7,7,4,1,1,2,7,10,,
7735,52.1,47.9,6,5,18,6,710,676,510,475,13,19,17,59,7,3,1,0,1,2,10,10,,
7726,54.7,45.3,4,5,15,16,657,599,435,363,19,25,22,49,4,8,1,2,1,0,10,5,,
7728,64.4,35.6,8,5,24,8,788,483,596,316,17,19,21,21,7,4,2,0,,,14,7,,
7729,49.1,50.9,5,2,22,9,520,527,310,319,16,16,35,33,7,7,0,3,1,2,18,16,,
7730,47.9,52.1,4,3,12,8,513,523,282,324,10,13,47,50,8,2,4,0,0,2,12,17,,
7731,45.7,54.3,7,2,25,13,571,658,359,440,22,19,25,40,14,4,2,1,3,1,9,10,,
7732,51.1,48.9,2,6,16,12,589,618,395,384,21,22,14,37,10,3,1,2,2,2,14,8,0,1
7727,54,46,4,7,12,10,676,636,466,412,25,21,14,39,12,0,6,1,0,1,10,10,,
7723,56.9,43.1,8,5,23,11,713,594,489,368,27,33,23,22,7,5,0,2,3,2,16,12,0,1
7724,43.4,56.6,5,7,16,11,626,793,447,592,13,13,24,38,4,4,0,2,1,2,9,11,,
7725,26.4,73.6,2,2,9,9,418,829,194,617,28,26,43,26,8,4,,,1,0,14,8,,
7717,59.1,40.9,13,1,26,11,688,548,458,314,22,16,32,39,14,7,4,2,0,1,8,14,,
7719,45.8,54.2,5,4,15,10,598,688,421,490,17,23,26,25,3,3,4,2,1,1,8,8,,
7720,44.2,55.8,7,2,17,8,594,709,394,513,20,20,33,28,6,5,2,4,0,4,17,14,1,0
7721,60.6,39.4,10,3,20,10,777,583,565,369,17,20,10,38,7,0,3,1,1,1,6,8,,
7722,60.7,39.3,2,3,18,10,594,469,397,249,13,22,16,43,14,7,2,1,0,5,9,10,,
7718,77.7,22.3,9,1,28,5,944,351,748,208,13,12,19,24,10,3,2,0,0,2,8,10,,
7716,54,46,5,14,12,29,614,571,412,359,18,11,16,36,12,8,4,2,1,0,6,12,,
7715,36.1,63.9,3,7,9,18,531,796,313,581,20,18,37,26,5,8,1,2,3,0,15,6,,
7711,54.9,45.1,6,3,11,10,781,653,593,480,23,21,28,18,4,3,0,3,1,1,10,11,,
7707,41.9,58.1,2,7,8,29,608,736,379,518,24,17,51,25,5,6,0,2,1,1,11,10,,
7708,43,57,4,6,13,13,453,561,262,371,19,5,27,31,7,8,1,6,3,2,20,12,,
7709,33.1,66.9,4,4,9,14,485,757,281,570,21,10,39,22,2,4,6,1,0,3,16,13,,
7710,53.2,46.8,3,2,10,13,624,596,446,384,14,14,35,51,5,4,2,3,1,2,13,9,,
7712,30.6,69.4,3,4,10,14,485,873,290,679,21,24,34,15,7,3,2,1,2,1,9,8,,
7713,55.3,44.7,4,9,17,16,725,615,509,401,13,17,26,47,6,8,1,0,0,2,6,12,,
7714,65.4,34.6,7,2,18,8,875,514,676,347,17,20,20,13,4,3,5,0,2,1,7,9,,
7706,52,48,4,3,17,10,691,678,492,467,24,16,14,32,7,4,1,0,2,2,8,14,,
7705,51,49,3,7,18,14,681,687,435,425,24,39,22,41,4,4,2,3,1,2,6,11,,
7704,,,,,,,,,,,,,,,,,,,,,,,,
7697,68.4,31.6,7,2,19,5,742,434,590,264,14,16,7,37,11,1,3,1,2,3,11,16,0,1
7699,52.3,47.7,6,2,24,13,621,574,423,370,11,11,31,24,4,7,3,2,,,6,10,,
7700,39,61,6,5,13,13,518,699,302,492,19,19,36,32,7,3,0,2,0,3,9,13,1,0
7701,48.9,51.1,3,1,9,6,585,590,359,367,20,26,66,38,5,5,0,2,0,1,11,7,1,0
7702,36.6,63.4,7,2,21,16,573,843,348,634,17,23,22,39,8,6,2,2,2,1,12,5,,
7703,52.3,47.7,2,4,10,10,629,603,447,404,17,15,18,33,4,3,2,7,2,0,15,12,,
7698,46.9,53.1,4,5,16,13,696,738,507,572,18,20,18,16,4,6,1,1,1,3,10,7,,
7692,68.5,31.5,12,3,26,4,861,498,637,283,12,13,24,56,9,3,4,3,0,1,3,13,,
7693,58.5,41.5,5,3,26,9,572,463,377,275,14,15,20,38,14,2,4,6,1,2,10,19,,
7694,35.3,64.7,3,4,12,16,516,804,302,577,22,25,22,28,6,6,4,4,1,1,9,11,,
7695,62.3,37.7,4,5,15,14,865,598,653,385,17,18,24,46,8,7,1,2,1,0,6,8,,
7696,49.1,50.9,5,2,12,14,602,638,395,412,26,19,35,47,3,6,3,1,1,1,6,14,,
7689,46.2,53.8,5,4,8,19,647,700,443,491,28,24,34,9,1,11,3,0,2,2,10,22,0,1
7690,62.3,37.7,10,3,20,9,877,556,692,409,13,17,11,16,5,0,2,1,0,1,8,7,,
7691,47.3,52.7,1,13,6,24,682,771,492,557,21,20,23,27,5,4,0,3,1,3,6,8,,
7687,32.4,67.6,3,3,11,21,515,849,282,608,26,29,38,17,3,9,2,5,1,2,12,9,,
7688,75,25,2,2,12,9,1008,424,836,265,15,12,24,39,9,2,1,0,1,3,10,15,,
7686,53.3,46.7,4,3,16,14,716,654,512,452,23,23,19,28,9,4,1,2,2,1,9,10,,
7685,48.6,51.4,3,6,14,9,635,669,420,437,30,24,24,32,0,5,0,4,5,2,15,6,,
7680,41.8,58.2,2,6,6,20,596,768,399,558,18,18,44,16,1,11,,,,,5,6,,
7678,46.1,53.9,6,4,16,16,543,604,347,418,10,12,34,36,5,8,1,1,2,2,15,14,,
7679,44.3,55.7,9,8,12,17,565,658,361,443,24,22,34,14,2,6,8,4,0,4,11,13,,
7681,40.3,59.7,7,2,19,9,488,619,288,433,21,23,24,26,7,1,1,1,2,2,11,19,,
7682,48.3,51.7,2,5,12,16,556,558,305,342,19,18,61,40,5,1,0,2,,,10,10,,
7683,30.9,69.1,3,3,15,16,489,885,288,677,28,15,22,23,2,4,1,0,,,10,6,,
7684,49.7,50.3,6,4,14,13,617,642,392,413,8,24,30,66,13,3,0,1,1,0,12,10,1,0
7677,38.9,61.1,5,5,16,11,529,708,319,503,18,21,34,16,5,5,0,5,0,2,10,15,,
7676,46,54,2,6,7,14,630,727,425,504,23,25,18,30,4,5,3,5,3,3,17,15,,
7674,60.8,39.2,1,6,11,15,726,551,555,351,15,23,10,42,3,2,1,6,0,4,6,10,,
7675,55.3,44.7,4,8,10,18,744,657,527,428,26,19,24,24,9,2,4,4,,,9,11,,
7667,52.6,47.4,7,4,16,8,682,594,460,412,17,11,47,40,9,3,2,0,1,1,12,11,,
7668,39.6,60.4,6,5,14,18,535,669,340,492,21,8,39,8,0,9,3,1,1,1,15,11,1,0
7669,60.2,39.8,7,3,25,9,757,538,550,350,17,21,28,20,8,2,2,0,3,1,11,9,,
7670,68.7,31.3,1,1,15,3,822,499,623,283,16,22,15,71,11,1,3,0,0,3,6,11,,
7671,62.8,37.2,8,1,23,10,746,515,536,317,25,21,28,29,11,3,2,0,0,1,8,7,,
7672,68.4,31.6,7,3,28,5,824,483,575,258,10,28,20,48,8,1,3,1,1,3,6,13,,
7673,54.7,45.3,7,3,19,8,708,609,481,417,16,24,20,42,10,5,1,0,0,1,6,15,,
7666,62.1,37.9,4,0,16,13,835,568,620,361,11,18,51,35,6,4,1,0,1,3,6,16,,
7664,48.8,51.2,3,7,10,15,561,579,331,360,17,16,39,47,6,9,3,1,1,3,8,11,,
7665,39.7,60.3,5,3,10,6,522,703,326,482,19,33,24,24,4,4,1,5,1,2,17,15,,
7662,68.2,31.8,5,1,20,8,850,482,632,296,14,20,22,40,14,7,6,3,0,5,4,15,,
7663,63.4,36.6,5,6,23,11,738,485,567,312,12,15,9,21,9,6,0,2,1,0,10,7,,
7661,36,64,6,6,11,16,539,778,331,593,19,18,44,5,5,6,,,0,1,13,8,1,0
7656,50.4,49.6,1,5,11,9,661,690,438,468,24,15,19,65,14,0,1,1,2,4,10,6,,
7657,56.4,43.6,6,3,17,9,632,563,421,320,17,18,29,81,8,3,1,1,2,1,9,7,,
7659,39.4,60.6,3,5,8,15,482,661,302,470,12,8,35,47,2,5,1,1,2,1,12,13,1,0
7660,35.3,64.7,4,7,9,17,482,778,315,589,15,18,19,24,0,5,1,2,3,2,11,9,,
7658,52.8,47.2,5,9,22,19,734,680,519,457,20,25,33,33,4,3,4,4,,,7,13,0,1
7655,51,49,0,4,13,15,640,621,454,416,12,15,32,27,2,7,3,2,0,2,11,8,,
7654,31.2,68.8,3,5,8,27,513,872,293,665,20,20,50,11,1,10,0,2,2,1,7,7,,
7650,62.9,37.1,5,3,27,11,755,579,490,310,33,34,15,74,17,3,,,2,2,7,10,,
7647,59.2,40.8,4,4,18,8,696,520,499,336,18,17,28,31,12,4,6,5,2,2,11,13,,
7648,51.4,48.6,8,2,13,9,582,552,349,327,21,7,52,50,3,6,1,7,,,12,10,,
7649,62,38,2,7,18,10,724,535,515,317,12,21,12,55,9,2,0,1,1,1,7,13,,
7651,51.4,48.6,4,3,20,11,648,657,474,463,19,17,20,36,4,3,5,3,,,10,7,,
7652,49,51,2,6,13,11,523,557,311,351,20,21,29,53,8,5,3,2,2,3,14,10,0,1
7653,55.8,44.2,4,5,13,10,737,677,568,453,26,22,12,31,10,5,2,4,1,2,8,5,,
7646,51.4,48.6,4,1,16,4,671,648,484,485,19,16,8,27,7,0,4,2,0,2,7,11,,
7643,73.3,26.7,11,1,27,6,856,437,657,246,12,17,12,50,13,3,2,2,2,3,5,12,0,1
7645,55.8,44.2,3,4,8,14,702,580,494,380,14,27,35,25,5,11,3,1,1,3,9,12,,
7644,40.4,59.6,2,6,9,20,601,836,399,599,20,21,27,25,3,10,2,3,1,1,7,6,,
7637,52.5,47.5,12,5,25,9,713,680,513,473,23,21,10,29,9,3,1,0,1,1,10,12,,
7636,54.2,45.8,1,5,4,11,568,538,374,320,22,19,22,39,3,4,4,6,1,1,9,12,,
7638,64.6,35.4,7,1,27,6,776,536,549,309,17,16,5,54,9,2,5,0,1,0,7,16,,
7639,59.5,40.5,8,2,20,9,687,524,499,353,24,19,13,26,10,2,,,2,1,13,11,0,1
7641,48.3,51.7,2,2,12,11,578,588,376,393,16,14,24,38,5,6,5,3,0,1,7,17,,
7642,27.4,72.6,1,4,8,17,426,853,238,671,21,11,38,19,5,9,2,2,0,1,8,11,,
7640,39.1,60.9,1,2,10,10,451,630,239,404,17,23,41,57,7,7,1,1,3,0,13,11,,
7635,54.8,45.2,4,7,16,22,692,582,457,386,13,27,25,39,7,4,3,4,2,2,15,8,,
7628,38.2,61.8,3,5,9,11,530,724,303,510,31,22,26,25,7,15,3,0,1,3,12,9,1,0
7631,76,24,11,0,22,3,1092,450,924,282,15,16,14,30,5,2,1,1,2,1,7,7,,
7632,54.9,45.1,5,5,26,15,667,574,445,375,8,24,21,26,10,1,3,4,1,0,9,11,,
7629,45.6,54.4,4,1,15,5,583,664,398,485,16,16,23,31,9,2,3,1,1,2,8,14,,
7630,43.5,56.5,5,8,15,18,587,733,421,547,20,23,20,24,3,10,0,2,1,0,7,8,,
7633,57.2,42.8,6,6,21,19,653,572,398,294,21,27,54,43,8,11,1,4,2,2,10,12,,
7634,44.7,55.3,6,9,19,21,588,662,359,442,31,20,37,20,7,14,0,1,1,2,17,12,,
7627,54.4,45.6,6,9,21,19,715,617,485,402,13,20,43,51,4,6,7,5,2,2,5,12,,
7626,47.4,52.6,2,2,18,8,582,645,344,382,18,22,42,51,5,9,2,1,3,0,10,9,,
7624,47.3,52.7,2,8,11,22,613,682,377,432,24,23,30,54,5,10,2,3,1,2,5,9,,
7622,47.9,52.1,4,7,16,17,651,706,472,514,21,19,16,15,4,11,1,7,1,2,5,15,,
7625,60.3,39.7,4,4,19,8,800,581,562,367,22,33,27,19,6,0,6,3,1,2,9,8,,
7623,47,53,6,6,15,14,637,692,416,467,33,24,21,20,4,6,2,3,2,3,14,11,,
7616,44.3,55.7,6,4,16,14,551,627,355,440,13,12,37,27,3,7,6,4,1,1,7,13,,
7617,61.7,38.3,8,1,29,7,669,463,449,288,5,12,30,29,13,0,2,2,1,1,11,15,,
7618,51.2,48.8,5,6,23,16,656,667,440,418,24,22,24,40,8,4,7,3,1,3,8,13,,
7619,49.3,50.7,3,0,22,3,629,668,429,467,26,29,7,42,9,1,1,3,1,1,12,11,,
7621,54.6,45.4,3,4,11,10,584,536,380,307,16,13,34,69,7,5,4,2,2,3,12,16,,
7620,50.8,49.2,6,2,14,12,690,667,495,469,15,16,30,24,7,5,0,1,,,11,6,,
7615,49.7,50.3,4,2,16,7,640,667,463,481,16,17,5,28,5,1,0,3,4,1,11,20,0,1
7614,67.6,32.4,5,2,23,3,771,504,543,271,18,19,24,71,9,0,2,1,2,2,11,11,,
7613,35.9,64.1,6,9,13,19,474,691,254,471,13,12,48,40,7,12,0,3,2,1,9,8,0,1
7606,61.6,38.4,3,0,14,10,741,522,546,323,16,20,18,25,7,4,6,9,2,2,7,14,,
7607,54.4,45.6,7,5,17,15,615,544,367,299,22,27,47,40,6,10,2,6,1,2,11,9,,
7608,61.9,38.1,8,1,25,7,738,532,530,329,6,22,20,60,17,5,3,0,2,0,14,7,,
7609,51,49,13,5,20,11,699,669,489,465,18,16,46,23,8,2,4,2,1,0,10,9,,
7610,52.5,47.5,5,6,14,13,623,610,421,387,18,12,44,49,7,2,1,0,3,2,10,8,0,1
7611,56.6,43.4,5,7,17,13,724,575,544,415,16,17,16,14,6,5,2,0,1,1,8,8,,
7612,50.9,49.1,3,4,23,10,663,650,442,457,21,26,7,41,13,2,3,2,2,1,12,8,,
7605,45.4,54.6,8,6,19,20,635,717,443,519,22,15,38,15,2,10,2,3,3,1,12,10,0,1
7603,67.4,32.6,0,2,14,6,680,430,489,238,7,17,25,64,10,6,2,2,0,1,14,14,,
7604,54.9,45.1,5,9,17,20,698,647,476,412,9,27,24,42,8,3,3,2,2,3,10,12,,
7599,52.7,47.3,3,9,16,22,623,616,422,395,26,27,13,33,6,5,2,2,2,3,7,6,,
7597,31.6,68.4,5,4,15,10,505,876,323,694,27,22,22,22,3,4,1,0,1,0,12,13,0,1
7598,68.8,31.2,10,2,26,6,883,481,692,300,12,14,22,40,12,3,4,1,0,1,10,10,,
7600,48.4,51.6,2,5,11,16,615,609,375,408,22,18,41,26,3,5,3,1,0,3,8,10,,
7601,58.9,41.1,12,4,27,16,734,556,542,379,14,20,15,26,7,6,4,2,0,2,10,5,0,1
7602,34.6,65.4,3,7,7,16,494,830,336,679,21,12,16,8,4,5,2,3,3,2,9,12,,
7596,43.8,56.2,2,4,9,14,536,693,355,473,16,8,29,47,5,5,2,3,,,4,12,,
7595,63,37,1,2,7,12,754,508,566,324,17,25,29,28,4,6,0,3,3,4,9,16,,
7594,51.3,48.7,6,3,17,7,708,710,502,489,24,20,21,36,8,5,2,2,1,3,11,15,0,1
7591,42.2,57.8,3,6,9,16,512,613,282,407,18,29,59,32,2,6,2,3,,,11,6,,
7587,45.4,54.6,3,9,8,19,565,649,355,433,28,14,47,30,2,4,4,3,1,1,11,12,1,0
7588,52,48,10,2,21,8,664,626,482,446,15,14,18,35,9,2,1,0,1,2,10,11,,
7589,59.8,40.2,7,5,28,8,682,488,425,286,29,22,42,33,11,3,4,2,1,3,12,15,0,1
7590,44.1,55.9,5,3,17,13,495,569,290,370,16,13,44,37,6,4,2,1,1,0,18,9,,
7592,52.9,47.1,9,4,19,12,621,591,431,389,30,18,7,39,3,2,2,1,3,1,12,13,,
7593,,,,,,,,,,,,,,,,,,,,,,,,
7586,55.6,44.4,9,2,20,10,772,657,551,452,28,21,13,29,13,4,3,2,1,3,10,9,,
7585,70.3,29.7,6,1,22,3,813,432,618,251,13,16,18,35,11,3,2,1,0,2,4,5,,
7584,57.5,42.5,3,3,19,9,746,591,535,394,23,31,21,29,6,5,1,2,3,2,13,12,,
7578,42.6,57.4,2,11,9,20,604,741,400,554,24,22,30,11,1,6,1,3,3,0,12,11,,
7576,47.8,52.2,5,1,15,5,550,604,368,433,9,14,27,43,9,1,1,4,1,3,14,13,,
7577,64.4,35.6,5,4,14,9,804,501,605,320,23,17,23,14,4,5,6,1,,,12,8,,
7579,42.5,57.5,5,5,19,8,409,505,194,287,21,15,58,61,9,5,2,3,4,2,17,11,,
7580,51.9,48.1,3,4,13,15,674,657,492,464,14,13,14,34,6,7,5,4,1,1,8,12,,
7582,53.8,46.2,6,4,16,10,693,638,492,421,20,19,28,21,7,5,2,0,1,0,13,14,,
7583,58.5,41.5,6,3,26,9,587,463,410,289,22,18,14,34,7,3,2,0,2,2,14,15,0,1
7581,50,50,1,5,10,13,777,788,563,583,19,30,17,27,6,2,1,3,0,1,6,8,,
7575,48.4,51.6,10,7,13,17,623,672,387,401,31,26,33,28,5,6,3,7,2,1,11,14,,
7573,61.5,38.5,9,3,22,11,660,504,430,266,26,15,37,48,12,5,0,3,0,1,11,12,,
7574,53.9,46.1,13,4,31,9,717,673,505,451,19,19,21,52,11,1,1,1,0,1,6,13,,
7566,66.7,33.3,5,2,12,10,839,506,651,326,19,19,12,27,4,1,1,6,,,12,13,,
7567,47.2,52.8,5,7,16,11,558,581,335,374,20,16,38,26,6,6,5,1,1,5,12,9,,
7568,37.7,62.3,5,5,12,12,498,739,323,549,15,18,19,40,5,8,3,3,4,2,14,11,,
7569,52.3,47.7,5,3,25,12,727,695,512,471,13,19,8,45,11,4,2,4,2,2,15,5,,
7570,57.3,42.7,6,1,13,9,680,543,483,364,7,24,38,34,6,2,4,2,0,2,7,15,,
7572,53.1,46.9,5,5,22,18,634,594,434,393,16,14,31,39,3,1,2,2,1,1,6,15,,
7571,43.7,56.3,3,4,12,15,529,631,328,431,21,20,23,36,5,3,5,4,2,3,14,16,,
7565,56.4,43.6,3,3,12,8,578,478,343,265,13,33,52,34,8,2,2,3,0,1,8,13,,
7564,55.8,44.2,10,3,25,14,674,577,477,364,23,19,29,25,4,8,3,3,,,12,14,,
7557,52.4,47.6,8,4,19,7,640,633,449,415,23,18,11,34,4,1,3,4,3,0,13,9,,
7556,52.1,47.9,7,7,14,13,691,679,499,456,33,30,17,24,3,2,5,2,2,3,8,19,,
7558,50.5,49.5,7,4,19,13,627,623,445,447,14,13,17,32,5,4,1,1,2,1,18,6,1,0
7559,49,51,6,4,14,11,617,669,415,446,22,17,37,43,6,2,1,1,2,1,9,11,,
7560,50,50,5,3,16,14,570,581,357,366,20,23,26,30,5,6,,,1,3,8,14,,
7561,69.5,30.5,8,3,23,8,829,446,672,289,12,12,14,14,10,2,6,1,3,3,9,14,0,1
7563,54.1,45.9,6,3,20,6,668,601,491,429,13,19,11,32,9,0,3,1,2,5,18,13,,
7562,42.3,57.7,1,4,12,18,549,721,369,513,13,19,23,28,3,10,3,8,1,0,12,10,,
7551,66.5,33.5,4,1,9,7,785,464,606,303,12,19,19,36,10,1,2,2,0,2,10,13,,
7553,53.3,46.7,4,5,15,12,682,623,470,409,24,19,23,37,5,1,0,1,3,1,12,8,,
7554,49,51,4,7,11,22,618,658,415,455,15,19,18,36,7,4,1,1,4,3,15,12,1,0
7552,44.5,55.5,5,6,19,9,542,640,346,433,17,13,31,42,8,5,0,4,4,1,20,8,,
7555,41.7,58.3,2,2,10,14,519,644,328,453,27,12,36,25,0,6,6,0,2,7,18,19,0,2
7550,47.6,52.4,9,9,22,17,609,669,384,442,9,21,29,51,8,13,1,1,2,0,13,11,,
7546,38.5,61.5,1,4,8,13,486,653,286,458,27,17,34,15,3,8,0,5,2,3,11,11,1,0
7547,51.9,48.1,6,4,14,19,599,545,358,311,25,16,50,33,2,11,1,4,0,3,17,17,,
7549,53.8,46.2,4,2,12,14,620,571,428,373,13,28,16,23,7,3,1,3,3,2,7,22,,
7548,55.4,44.6,9,7,29,12,751,633,497,406,19,25,19,39,10,3,9,0,0,1,6,8,,
7545,42,58,7,8,18,19,492,607,311,401,11,14,27,32,2,11,9,1,0,1,14,13,,
7543,62.7,37.3,6,2,21,8,772,525,564,331,19,25,22,31,9,2,2,5,3,3,11,19,,
7544,55,45,6,6,14,13,656,577,450,373,20,24,14,44,5,2,4,3,1,2,11,15,,
7537,55.8,44.2,5,2,15,11,649,571,420,342,27,23,16,47,8,3,3,1,1,3,10,11,,
7538,64.1,35.9,8,4,14,10,831,531,663,361,12,20,20,15,5,1,2,1,1,1,11,7,,
7539,39.8,60.2,6,3,18,12,573,789,381,598,25,11,30,26,4,4,1,2,0,1,5,5,,
7540,49.5,50.5,3,6,13,12,567,544,316,317,32,24,40,39,5,7,3,1,3,2,11,16,,
7541,48.2,51.8,4,1,17,7,519,528,311,349,12,14,43,40,5,2,1,1,4,4,14,18,,
7542,54.1,45.9,2,9,16,16,669,606,446,372,22,33,14,27,5,4,5,0,4,4,17,17,,
7536,69.2,30.8,5,2,7,9,933,517,772,335,24,19,13,33,2,2,2,8,2,2,14,11,,
7532,40.9,59.1,4,9,15,19,607,781,422,614,16,14,17,27,4,5,2,1,1,2,10,11,,
7533,48.9,51.1,10,5,22,17,625,645,432,446,14,11,28,25,4,4,1,3,2,3,12,7,,
7534,59.1,40.9,3,2,11,11,634,493,442,280,18,21,35,39,6,5,2,2,3,5,15,18,,
7535,38.3,61.7,6,5,18,13,553,718,302,503,30,22,44,24,9,7,6,2,2,1,12,8,,
7526,38.8,61.2,6,4,16,15,474,627,272,436,30,11,30,21,5,10,4,1,0,1,11,7,,
7527,33.2,66.8,4,7,6,19,461,777,300,612,19,15,20,28,4,5,,,1,1,9,15,,
7529,67.5,32.5,4,3,20,17,829,494,645,311,5,17,31,36,10,3,6,1,1,0,9,6,,
7530,51.9,48.1,7,3,14,9,639,607,436,402,21,18,23,29,7,4,3,3,2,0,11,16,,
7531,54.1,45.9,7,5,28,13,525,516,331,295,13,11,14,49,9,5,2,8,1,2,8,10,,
7528,36,64,3,7,12,16,465,676,268,494,14,19,35,22,5,9,2,1,1,1,15,10,1,0
7525,42.7,57.3,4,5,12,14,622,777,413,570,19,14,53,20,7,4,0,1,2,1,4,7,,
7524,59.2,40.8,2,2,19,11,617,493,405,266,27,18,30,35,11,8,3,2,0,6,16,19,1,0
7519,62.7,37.3,7,3,19,8,761,541,567,322,23,22,14,38,7,5,2,1,1,5,10,13,,
7516,62.9,37.1,11,2,28,3,784,532,603,344,13,20,14,20,9,2,2,3,0,1,8,9,0,1
7517,49.6,50.4,7,1,15,7,670,659,502,495,20,19,17,16,1,6,3,4,3,3,15,12,1,0
7518,47.9,52.1,5,2,16,17,573,573,352,397,15,14,49,18,7,2,5,2,3,4,16,9,,
7520,63.8,36.2,4,1,21,3,658,424,458,256,14,18,34,33,4,2,1,1,0,3,8,17,0,1
7522,43.1,56.9,3,5,9,18,582,724,388,537,29,24,13,17,1,1,6,2,0,3,6,15,,
7523,36.1,63.9,3,6,5,16,499,815,342,610,25,17,17,19,1,9,1,2,2,1,13,6,1,0
7521,41.7,58.3,5,4,13,14,505,664,301,447,15,18,43,40,8,8,1,3,1,0,11,5,,
7515,62.3,37.7,9,1,26,3,793,529,614,369,18,21,23,17,4,1,3,4,1,2,14,9,0,2
7512,35.8,64.2,5,5,14,18,526,809,330,619,20,18,28,26,6,9,2,2,1,1,10,10,,
7514,56.7,43.3,6,2,9,10,621,517,436,318,18,14,39,41,6,5,1,0,1,2,15,13,,
7513,56.6,43.4,6,8,14,22,728,609,530,392,28,25,20,11,4,10,2,0,2,3,12,12,,
7507,31.2,68.8,4,9,8,23,449,766,252,547,21,19,42,9,2,13,2,1,2,1,14,11,,
7506,41.1,58.9,2,6,11,22,526,670,309,436,20,24,38,35,4,9,2,2,1,1,14,12,,
7508,59.3,40.7,4,6,9,14,664,514,446,296,14,18,37,50,6,9,0,7,3,1,9,9,1,0
7509,47.2,52.8,5,1,19,10,594,612,372,438,17,22,18,23,4,9,3,2,2,1,14,8,,
7510,53.7,46.3,4,5,10,15,736,654,560,476,22,20,19,15,2,8,0,2,1,2,4,9,,
7511,50.4,49.6,2,10,15,20,493,523,320,322,10,14,24,46,3,8,1,5,2,3,15,13,,
7505,58.1,41.9,4,1,16,8,662,548,446,311,33,21,34,37,6,4,3,0,1,3,10,16,,
7504,51.8,48.2,3,6,18,15,647,607,404,393,26,11,25,37,1,3,0,3,1,2,13,11,,
7503,58.3,41.7,3,3,14,11,692,582,441,336,21,29,28,51,11,2,2,0,3,1,8,13,,
7496,56.5,43.5,4,2,19,12,711,556,504,379,20,16,27,22,4,5,1,2,3,2,10,8,,
7498,54.2,45.8,8,3,21,9,606,523,393,342,14,21,23,32,8,0,0,6,1,1,13,12,,
7499,57.9,42.1,7,3,26,11,754,557,562,398,19,18,17,9,8,3,2,0,,,6,9,,
7500,27.4,72.6,1,7,3,24,419,761,209,548,19,17,70,15,2,12,5,1,0,1,13,14,,
7501,40.1,59.9,3,5,13,19,567,774,362,558,26,18,24,35,4,7,3,3,1,1,7,3,,
7502,43.4,56.6,6,5,10,16,626,733,394,507,27,26,27,30,4,10,2,1,3,2,6,12,,
7497,42.2,57.8,6,8,22,14,575,753,382,548,16,15,14,37,5,7,0,5,2,0,15,1,,
7493,46.4,53.6,6,6,12,18,609,664,385,442,35,18,36,28,6,6,4,3,2,1,19,9,,
7494,41.5,58.5,5,9,21,22,605,793,400,594,18,12,27,24,9,5,1,3,2,4,14,11,,
7495,58.9,41.1,4,1,16,5,624,485,423,289,22,18,17,45,5,1,4,0,,,10,11,,
7492,56.3,43.7,14,8,25,20,724,588,524,394,31,15,21,23,3,5,7,0,2,2,9,8,0,1
7491,55.2,44.8,5,4,12,19,619,536,428,349,20,17,25,25,8,7,1,0,2,0,14,8,,
7487,41.2,58.8,7,3,21,11,465,578,252,372,16,13,40,43,5,4,3,4,5,1,17,15,,
7488,69.6,30.4,7,6,18,11,715,407,522,216,10,22,22,30,8,6,2,6,2,2,17,15,0,1
7490,62,38,3,2,18,12,716,528,506,295,15,26,23,41,7,4,1,0,1,1,7,10,,
7489,58.8,41.2,6,3,20,10,705,561,492,335,25,18,25,44,12,6,3,0,0,2,5,8,,
7486,45.9,54.1,3,2,18,7,543,617,346,412,17,13,23,39,11,8,2,1,1,3,11,11,,
7485,53,47,14,9,28,21,683,638,442,412,16,22,27,26,11,3,1,2,1,2,13,9,,
7483,46.9,53.1,3,5,10,18,509,571,326,381,17,8,32,44,3,6,3,0,0,2,13,12,1,0
7484,53.5,46.5,6,4,20,12,659,577,472,394,10,11,20,34,7,8,3,1,2,2,7,11,,
7482,43.5,56.5,3,7,7,18,527,706,349,480,19,10,29,40,7,8,2,4,2,0,19,17,,
7480,50,50,3,6,15,13,481,484,269,275,24,22,25,38,8,6,0,2,2,3,17,9,1,0
7476,49.8,50.2,3,6,12,14,697,691,469,477,18,31,35,22,9,5,0,6,1,2,10,8,1,0
7477,51.6,48.4,5,2,10,12,598,578,407,382,19,17,26,30,5,4,1,4,3,0,9,13,,
7479,51.8,48.2,4,1,14,4,634,603,433,422,21,25,14,38,2,1,4,1,1,1,12,7,,
7481,64,36,4,3,13,10,728,473,545,305,9,20,13,37,7,7,2,1,0,3,9,19,,
7478,65.7,34.3,8,4,24,6,801,506,582,300,27,21,15,25,7,4,1,6,2,4,15,9,,
7475,42.4,57.6,15,3,30,8,630,781,424,580,19,20,18,27,7,4,4,1,,,10,3,,
7473,34.4,65.6,1,7,6,19,457,686,228,454,32,16,40,26,4,6,1,5,2,2,13,12,,
7474,40.8,59.2,3,1,16,11,522,679,346,496,14,14,29,30,6,5,1,0,3,2,19,11,,
7467,52,48,2,4,17,15,548,504,330,298,13,24,33,25,12,6,0,1,4,2,13,11,,
7468,54.1,45.9,5,1,15,7,584,546,419,352,9,11,25,43,2,3,5,4,2,4,10,19,,
7469,60.1,39.9,3,4,14,14,663,496,480,316,18,16,17,32,6,3,1,2,4,4,17,13,,
7471,45.2,54.8,2,5,17,18,546,633,332,418,16,23,45,38,3,2,2,1,1,2,9,16,1,0
7472,49.5,50.5,7,2,20,13,595,578,363,378,16,24,48,19,7,3,0,5,2,2,12,8,,
7470,37.8,62.2,1,2,8,11,523,762,320,548,23,22,31,27,2,5,3,1,3,5,10,11,0,1
,,,,,,,,,,,,,,,,,,,,,,,,
